-- MySQL dump 10.13  Distrib 5.5.35, for debian-linux-gnu (x86_64)
--
-- Host: localhost    Database: relevamiento
-- ------------------------------------------------------
-- Server version	5.5.35-0ubuntu0.12.04.2

/*!40101 SET @OLD_CHARACTER_SET_CLIENT=@@CHARACTER_SET_CLIENT */;
/*!40101 SET @OLD_CHARACTER_SET_RESULTS=@@CHARACTER_SET_RESULTS */;
/*!40101 SET @OLD_COLLATION_CONNECTION=@@COLLATION_CONNECTION */;
/*!40101 SET NAMES utf8 */;
/*!40103 SET @OLD_TIME_ZONE=@@TIME_ZONE */;
/*!40103 SET TIME_ZONE='+00:00' */;
/*!40014 SET @OLD_UNIQUE_CHECKS=@@UNIQUE_CHECKS, UNIQUE_CHECKS=0 */;
/*!40014 SET @OLD_FOREIGN_KEY_CHECKS=@@FOREIGN_KEY_CHECKS, FOREIGN_KEY_CHECKS=0 */;
/*!40101 SET @OLD_SQL_MODE=@@SQL_MODE, SQL_MODE='NO_AUTO_VALUE_ON_ZERO' */;
/*!40111 SET @OLD_SQL_NOTES=@@SQL_NOTES, SQL_NOTES=0 */;

--
-- Table structure for table `escuelas`
--

DROP TABLE IF EXISTS `escuelas`;
/*!40101 SET @saved_cs_client     = @@character_set_client */;
/*!40101 SET character_set_client = utf8 */;
CREATE TABLE `escuelas` (
  `id` int(11) NOT NULL AUTO_INCREMENT,
  `nro` int(11) DEFAULT NULL,
  `nivel` varchar(255) COLLATE utf8_unicode_ci DEFAULT NULL,
  `nombre` varchar(255) COLLATE utf8_unicode_ci DEFAULT NULL,
  `localidad` varchar(255) COLLATE utf8_unicode_ci DEFAULT NULL,
  `region` int(11) DEFAULT NULL,
  `created_at` datetime NOT NULL,
  `updated_at` datetime NOT NULL,
  `name` varchar(255) COLLATE utf8_unicode_ci DEFAULT NULL,
  PRIMARY KEY (`id`)
) ENGINE=InnoDB AUTO_INCREMENT=3578 DEFAULT CHARSET=utf8 COLLATE=utf8_unicode_ci;
/*!40101 SET character_set_client = @saved_cs_client */;

--
-- Dumping data for table `escuelas`
--

LOCK TABLES `escuelas` WRITE;
/*!40000 ALTER TABLE `escuelas` DISABLE KEYS */;
INSERT INTO `escuelas` VALUES (2787,1,'EGB 1, 2 y 3 Provincial','PATAGONIA ARGENTINA','CDRO. RIVADAVIA',6,'2013-08-15 15:17:59','2013-08-15 15:17:59','1'),(2788,2,'EGB 1, 2 y 3 Provincial','FRANCISCO PIETROBELLI','CDRO. RIVADAVIA',6,'2013-08-15 15:17:59','2013-08-15 15:17:59','2'),(2789,3,'Inicial Provincial','ALMTE.MARCOS A.ZAR','TRELEW',4,'2013-08-15 15:17:59','2013-08-15 15:17:59','3'),(2790,4,'EGB 1, 2 y 3 Provincial','ESCUELA N§ 1 - GRAL.JOSE DE S.MARTIN','RAWSON',4,'2013-08-15 15:17:59','2013-08-15 15:17:59','4'),(2791,5,'EGB 1, 2 y 3 Provincial','DOMINGO F. SARMIENTO','TRELEW',4,'2013-08-15 15:17:59','2013-08-15 15:17:59','5'),(2792,6,'EGB 1, 2 y 3 Provincial','S. DE ALCAZABA Y SOTOMAYOR','LOS ALTARES',4,'2013-08-15 15:17:59','2013-08-15 15:17:59','6'),(2793,7,'EGB 1, 2 y 3 Provincial','CLAUSURADA','BARRANCAS',3,'2013-08-15 15:17:59','2013-08-15 15:17:59','7'),(2794,8,'EGB 1, 2 y 3 Provincial','MANUEL BELGRANO','ESQUEL',3,'2013-08-15 15:18:00','2013-08-15 15:18:00','8'),(2795,9,'Inicial Provincial','MARIANO MORENO','EPUYEN',1,'2013-08-15 15:18:00','2013-08-15 15:18:00','9'),(2796,10,'Inicial Provincial','MARTIN DE GUEMES','CARRENLEUFU',3,'2013-08-15 15:18:00','2013-08-15 15:18:00','10'),(2797,11,'EGB 1, 2 y 3 Provincial','PROV. DE ENTRE RIOS (CERRADA)','PIEDRA GRANDE',4,'2013-08-15 15:18:00','2013-08-15 15:18:00','11'),(2798,12,'EGB 1, 2 y 3 Provincial','ALMTE. GUILLERMO BROWN','RADA TILLY',6,'2013-08-15 15:18:00','2013-08-15 15:18:00','12'),(2799,13,'EGB 1, 2 y 3 Provincial','LIBERTADOR J.DE S.MARTIN','CDRO. RIVADAVIA',6,'2013-08-15 15:18:00','2013-08-15 15:18:00','13'),(2800,14,'EGB 1, 2 y 3 Provincial','','PIO PIO',5,'2013-08-15 15:18:00','2013-08-15 15:18:00','14'),(2801,15,'Inicial Provincial','PROV.DE LA PAMPA','PASO DE INDIOS',4,'2013-08-15 15:18:00','2013-08-15 15:18:00','15'),(2802,16,'Inicial Provincial','JUSTO JOSE DE URQUIZA','CAMARONES',4,'2013-08-15 15:18:00','2013-08-15 15:18:00','16'),(2803,17,'EGB 1, 2 y 3 Provincial','PADRE JOSE PAROLINI','TECKA',3,'2013-08-15 15:18:00','2013-08-15 15:18:00','17'),(2804,18,'EGB 1, 2 y 3 Provincial','CLAUSURADA','RIO CORINTOS',3,'2013-08-15 15:18:00','2013-08-15 15:18:00','18'),(2805,19,'EGB 1, 2 y 3 Provincial','INA LAFKEN ÑECUM','RAWSON',4,'2013-08-15 15:18:00','2013-08-15 15:18:00','19'),(2806,20,'EGB 1, 2 y 3 Provincial','MAESTRO RICARDO J.BERWYN','RAWSON',4,'2013-08-15 15:18:00','2013-08-15 15:18:00','20'),(2807,21,'EGB 1, 2 y 3 Provincial','LEWIS JONES','TRELEW',4,'2013-08-15 15:18:00','2013-08-15 15:18:00','21'),(2808,22,'Especial Provincial','ING.BRUNO THOMAS','EL MAITEN',1,'2013-08-15 15:18:00','2013-08-15 15:18:00','22'),(2809,23,'EGB 1, 2 y 3 Provincial','DR.CARLOS MADARIAGA','CDRO. RIVADAVIA',6,'2013-08-15 15:18:00','2013-08-15 15:18:00','23'),(2810,24,'EGB 1, 2 y 3 Provincial','CRNEL. LUIS JORGE FONTANA','ESQUEL',3,'2013-08-15 15:18:00','2013-08-15 15:18:00','24'),(2811,25,'Inicial Provincial','DELIA MEDICCI DE CHAYEP','VILLA FUTALAUFQUEN',3,'2013-08-15 15:18:00','2013-08-15 15:18:00','25'),(2812,26,'EGB 1, 2 y 3 Provincial','EJERCITO ARGENTINO','CDRO. RIVADAVIA',6,'2013-08-15 15:18:01','2013-08-15 15:18:01','26'),(2813,27,'EGB 1, 2 y 3 Provincial','FRAY LUIS BELTRAN','CDRO. RIVADAVIA',6,'2013-08-15 15:18:01','2013-08-15 15:18:01','27'),(2814,28,'EGB 1, 2 y 3 Provincial','INDEPENDENCIA','SARMIENTO',5,'2013-08-15 15:18:01','2013-08-15 15:18:01','28'),(2815,29,'EGB 1, 2 y 3 Provincial','JUAN MARTIN DE PUEYRREDON','COSTA DEL GUALJAINA',3,'2013-08-15 15:18:01','2013-08-15 15:18:01','29'),(2816,30,'Inicial Provincial','ISLAS MALVINAS','GASTRE',4,'2013-08-15 15:18:01','2013-08-15 15:18:01','30'),(2817,31,'EGB 1, 2 y 3 Provincial','RIFLEROS DEL CHUBUT','CERRO CONDOR',4,'2013-08-15 15:18:01','2013-08-15 15:18:01','31'),(2818,32,'EGB 1, 2 y 3 Provincial','REPUBLICA ARGENTINA','CDRO. RIVADAVIA',6,'2013-08-15 15:18:01','2013-08-15 15:18:01','32'),(2819,33,'Inicial Provincial','MAESTROS ARGENTINOS','GAN GAN',4,'2013-08-15 15:18:01','2013-08-15 15:18:01','33'),(2820,34,'EGB 1, 2 y 3 Provincial','CIUDAD DE CDRO.RIVADAVIA','CDRO. RIVADAVIA',6,'2013-08-15 15:18:01','2013-08-15 15:18:01','34'),(2821,35,'EGB 1, 2 y 3 Provincial','PROV. DE CORRIENTES','GOB. COSTA',3,'2013-08-15 15:18:01','2013-08-15 15:18:01','35'),(2822,36,'Primario Adultos Provincial','MTRO.MANUEL A.REYES AYLLAN','RIO MAYO',5,'2013-08-15 15:18:01','2013-08-15 15:18:01','36'),(2823,37,'EGB 1, 2 y 3 Provincial','PEDRO LUIS SANCHEZ','TREVELIN',3,'2013-08-15 15:18:01','2013-08-15 15:18:01','37'),(2824,38,'Inicial Provincial','POLICIA FED.CUSHAMEN','CUSHAMEN',1,'2013-08-15 15:18:01','2013-08-15 15:18:01','38'),(2825,39,'EGB 1, 2 y 3 Provincial','SGTO. JUAN BAUTISTA CABRAL','CDRO. RIVADAVIA',6,'2013-08-15 15:18:01','2013-08-15 15:18:01','39'),(2826,40,'EGB 1, 2 y 3 Provincial','ELUNED MORGAN','TRELEW',4,'2013-08-15 15:18:01','2013-08-15 15:18:01','40'),(2827,41,'EGB 1, 2 y 3 Provincial','LAS GOLONDRINAS','LAS GOLONDRINAS',1,'2013-08-15 15:18:01','2013-08-15 15:18:01','41'),(2828,42,'EGB 1, 2 y 3 Provincial','CMDTE. LUIS PIEDRABUENA','PTO. MADRYN',2,'2013-08-15 15:18:01','2013-08-15 15:18:01','42'),(2829,43,'EGB 1, 2 y 3 Provincial','ING. LUIS A. HUERGO','GRAL MOSCONI - C.RIV.',6,'2013-08-15 15:18:01','2013-08-15 15:18:01','43'),(2830,44,'Inicial Provincial','CRNEL. FELIX DE OLAZABAL','CDRO. RIVADAVIA',6,'2013-08-15 15:18:01','2013-08-15 15:18:01','44'),(2831,45,'EGB 1, 2 y 3 Provincial','CLAUSURADA','BAHIA BUSTAMANTE',4,'2013-08-15 15:18:01','2013-08-15 15:18:01','45'),(2832,46,'EGB 1, 2 y 3 Provincial','T.NAC.T.DEL FUEGO ANT.E ISLAS DEL ATL. SUR','PTO. MADRYN',2,'2013-08-15 15:18:01','2013-08-15 15:18:01','46'),(2833,47,'EGB 1, 2 y 3 Provincial','PROV. DE SANTA FE','RAWSON',4,'2013-08-15 15:18:01','2013-08-15 15:18:01','47'),(2834,48,'EGB 1, 2 y 3 Provincial','CLAUSURADA','TRELEW',4,'2013-08-15 15:18:01','2013-08-15 15:18:01','48'),(2835,49,'EGB 1, 2 y 3 Provincial','FRANCISCO PASCACIO MORENO','PTO. MADRYN',2,'2013-08-15 15:18:01','2013-08-15 15:18:01','49'),(2836,50,'EGB 1, 2 y 3 Provincial','CAPITAN A.ONETTO','TRELEW',4,'2013-08-15 15:18:02','2013-08-15 15:18:02','50'),(2837,51,'Inicial Provincial','MTRA.MURIEL INES RIVAS DE ACEVEDO','RIO PICO',3,'2013-08-15 15:18:02','2013-08-15 15:18:02','51'),(2838,52,'EGB 1, 2 y 3 Provincial','CIUDAD DE BS.AS.','CDRO. RIVADAVIA',6,'2013-08-15 15:18:02','2013-08-15 15:18:02','52'),(2839,53,'EGB 1, 2 y 3 Provincial','RVDO. RAUL A. ENTRAIGAS','TRELEW',4,'2013-08-15 15:18:02','2013-08-15 15:18:02','53'),(2840,54,'EGB 1, 2 y 3 Provincial','NICOLAS AVELLANEDA','ESQUEL',3,'2013-08-15 15:18:02','2013-08-15 15:18:02','54'),(2841,55,'Inicial Provincial','TTE. de Fragata DIEGO ENRIQUE MIGUEL','TREORCKY',4,'2013-08-15 15:18:02','2013-08-15 15:18:02','55'),(2842,56,'Inicial Provincial','FLORENTINO AMEGHINO','FLORENTINO AMEGHINO',4,'2013-08-15 15:18:02','2013-08-15 15:18:02','56'),(2843,57,'EGB 1, 2 y 3 Provincial','RIFLEROS DEL CHUBUT','TREVELIN',3,'2013-08-15 15:18:02','2013-08-15 15:18:02','57'),(2844,58,'EGB 1, 2 y 3 Provincial','SANTA ROSA DE LIMA','EL COIHUE',1,'2013-08-15 15:18:02','2013-08-15 15:18:02','58'),(2845,59,'Inicial Provincial','PADRE MARIO LUIS MIGONE','FOFO CAHUEL',1,'2013-08-15 15:18:02','2013-08-15 15:18:02','59'),(2846,60,'Inicial Provincial','','RANQUILHUAO',1,'2013-08-15 15:18:02','2013-08-15 15:18:02','60'),(2847,61,'Inicial Provincial','RVDO. ABRAHAM MATTHEWS','BRYN GWYN',4,'2013-08-15 15:18:02','2013-08-15 15:18:02','61'),(2848,62,'EGB 1, 2 y 3 Provincial','NAHUELQUIR CHIQUICHANO','YALA LAUBAT',4,'2013-08-15 15:18:02','2013-08-15 15:18:02','62'),(2849,63,'Inicial Provincial','GRAL. JUAN LAVALLE','CHACAY OESTE',4,'2013-08-15 15:18:02','2013-08-15 15:18:02','63'),(2850,64,'Inicial Provincial','CONQUISTA DEL DESIERTO','TRELEW',4,'2013-08-15 15:18:02','2013-08-15 15:18:02','64'),(2851,65,'EGB 1, 2 y 3 Provincial','CLAUSURADA','EL PAJARITO',4,'2013-08-15 15:18:02','2013-08-15 15:18:02','65'),(2852,66,'Inicial Provincial','JHON CARROG JONES','TRELEW',4,'2013-08-15 15:18:02','2013-08-15 15:18:02','66'),(2853,67,'Inicial Provincial','','ÑORQUINCO SUR',1,'2013-08-15 15:18:02','2013-08-15 15:18:02','67'),(2854,68,'Inicial Provincial','CERRADA, SE FUSIONA CON 88','GOB. COSTA',3,'2013-08-15 15:18:02','2013-08-15 15:18:02','68'),(2855,69,'Inicial Provincial','MIGUEL ÑANCUCHE NAHELQUIR','COLONIA CUSHAMEN',1,'2013-08-15 15:18:02','2013-08-15 15:18:02','69'),(2856,70,'Inicial Provincial','CAP.CARLOS MARIA MOYANO','FACUNDO',5,'2013-08-15 15:18:02','2013-08-15 15:18:02','70'),(2857,71,'Inicial Provincial','POLICIA FEDERAL ARGENTINA','ALDEA BELEIRO',5,'2013-08-15 15:18:02','2013-08-15 15:18:02','71'),(2858,72,'EGB 1, 2 y 3 Provincial','CONSTANCIO C. VIGIL','RIO MAYO',5,'2013-08-15 15:18:02','2013-08-15 15:18:02','72'),(2859,73,'Inicial Provincial','POLICIA DEL CHUBUT','DR. RICARDO ROJAS',5,'2013-08-15 15:18:02','2013-08-15 15:18:02','73'),(2860,74,'Inicial Provincial','FUNDACION SCHCALMIK','GUALJAINA',3,'2013-08-15 15:18:02','2013-08-15 15:18:02','74'),(2861,75,'Inicial Provincial','VICENTE CALDERON','EL BLANCO',1,'2013-08-15 15:18:02','2013-08-15 15:18:02','75'),(2862,76,'EGB 1, 2 y 3 Provincial','M.LUISA PIERUZZONI DE MARELLI','ESQUEL',3,'2013-08-15 15:18:02','2013-08-15 15:18:02','76'),(2863,77,'Inicial Provincial','FRANCISCO N. LAPRIDA','LAS PLUMAS',4,'2013-08-15 15:18:02','2013-08-15 15:18:02','77'),(2864,78,'Inicial Provincial','NICOLAS AVELLANEDA','TRELEW',4,'2013-08-15 15:18:02','2013-08-15 15:18:02','78'),(2865,79,'Especial Provincial','31 DE OCTUBRE','COLAN CONHUE',3,'2013-08-15 15:18:03','2013-08-15 15:18:03','79'),(2866,80,'EGB 1, 2 y 3 Provincial','','EL RINCON',1,'2013-08-15 15:18:03','2013-08-15 15:18:03','80'),(2867,81,'EGB 1, 2 y 3 Provincial','','EL HOYO',1,'2013-08-15 15:18:03','2013-08-15 15:18:03','81'),(2868,82,'EGB 1, 2 y 3 Provincial','JUAN GUTIERREZ','SARMIENTO',5,'2013-08-15 15:18:03','2013-08-15 15:18:03','82'),(2869,83,'EGB 1, 2 y 3 Provincial','TTE. CRNEL. J.A.ROCA','CDRO. RIVADAVIA',6,'2013-08-15 15:18:03','2013-08-15 15:18:03','83'),(2870,84,'EGB 1, 2 y 3 Provincial','MANUEL BELGRANO','PTO. MADRYN',2,'2013-08-15 15:18:03','2013-08-15 15:18:03','84'),(2871,85,'EGB 1, 2 y 3 Provincial','LEONARDO DA VINCI','TRELEW',4,'2013-08-15 15:18:03','2013-08-15 15:18:03','85'),(2872,86,'EGB 1, 2 y 3 Provincial','EMILIO GEROSA','PIEDRA PARADA',3,'2013-08-15 15:18:03','2013-08-15 15:18:03','86'),(2873,87,'Inicial Provincial','COMODORO PY','PUERTO PIRAMIDE',2,'2013-08-15 15:18:03','2013-08-15 15:18:03','87'),(2874,88,'Primario Adultos Provincial','','J.DE SAN MARTIN',3,'2013-08-15 15:18:03','2013-08-15 15:18:03','88'),(2875,89,'Inicial Provincial','JOSE MARIA SERRANO','EPUYEN',1,'2013-08-15 15:18:03','2013-08-15 15:18:03','89'),(2876,90,'Inicial Provincial','','LELEQUE',1,'2013-08-15 15:18:03','2013-08-15 15:18:03','90'),(2877,91,'EGB 1, 2 y 3 Provincial','GABINA DEL C.SUAREZ DE MAGALLANES','CDRO. RIVADAVIA',6,'2013-08-15 15:18:03','2013-08-15 15:18:03','91'),(2878,92,'EGB 1, 2 y 3 Provincial','PICHI CHE RUKA','SEPAUCAL',4,'2013-08-15 15:18:03','2013-08-15 15:18:03','92'),(2879,93,'EGB 1, 2 y 3 Provincial','LUCIO V. MANSILLA','BS.AS. CHICO',1,'2013-08-15 15:18:03','2013-08-15 15:18:03','93'),(2880,94,'Inicial Provincial','TTE. BENJAMIN MATIENZO','LAGO BLANCO',5,'2013-08-15 15:18:03','2013-08-15 15:18:03','94'),(2881,95,'Inicial Provincial','RODOLFO RAGUCCI','TELSEN',4,'2013-08-15 15:18:03','2013-08-15 15:18:03','95'),(2882,96,'EGB 1, 2 y 3 Provincial','','LOS RAPIDOS',3,'2013-08-15 15:18:03','2013-08-15 15:18:03','96'),(2883,97,'Inicial Provincial','ADVERTANO L. CASTRO','FRONT. RIO PICO',3,'2013-08-15 15:18:03','2013-08-15 15:18:03','97'),(2884,98,'Inicial Provincial','ING. EMILIO FREY','LOS CIPRESES',3,'2013-08-15 15:18:03','2013-08-15 15:18:03','98'),(2885,99,'Inicial Provincial','MANUEL Y ZENON ANTIECO','COSTA DEL LEPA',3,'2013-08-15 15:18:03','2013-08-15 15:18:03','99'),(2886,100,'EGB 1, 2 y 3 Provincial','BARTOLOME MITRE','GAIMAN',4,'2013-08-15 15:18:03','2013-08-15 15:18:03','100'),(2887,101,'EGB 1, 2 y 3 Provincial','BERNARDINO RIVADAVIA','DOLAVON',4,'2013-08-15 15:18:03','2013-08-15 15:18:03','101'),(2888,102,'Inicial Provincial','','BUEN PASTO',5,'2013-08-15 15:18:03','2013-08-15 15:18:03','102'),(2889,103,'Inicial Provincial','GAUCHOS DE GUEMES','LAGO RIVADAVIA',1,'2013-08-15 15:18:04','2013-08-15 15:18:04','103'),(2890,104,'EGB 1, 2 y 3 Provincial','FRANCISCO J. SEGUI','CALETA CORDOVA',6,'2013-08-15 15:18:04','2013-08-15 15:18:04','104'),(2891,105,'EGB 1, 2 y 3 Provincial','BANDERA NACIONAL','CDRO. RIVADAVIA',6,'2013-08-15 15:18:04','2013-08-15 15:18:04','105'),(2892,106,'EGB 1, 2 y 3 Provincial','CIUDAD DE ROSARIO','ALTO RIO SENGUER',5,'2013-08-15 15:18:04','2013-08-15 15:18:04','106'),(2893,107,'EGB 1, 2 y 3 Provincial','ISABEL NAHUEL PAN','NAHUEL PAN',3,'2013-08-15 15:18:04','2013-08-15 15:18:04','107'),(2894,108,'EGB 1, 2 y 3 Provincial','PORTAL DE LOS ANDES','LAGO PUELO',1,'2013-08-15 15:18:04','2013-08-15 15:18:04','108'),(2895,109,'EGB 1, 2 y 3 Provincial','ENTRE RIOS','LAGO PUELO',1,'2013-08-15 15:18:04','2013-08-15 15:18:04','109'),(2896,110,'EGB 1, 2 y 3 Provincial','JOSE M. ESTRADA','PTO. MADRYN',2,'2013-08-15 15:18:04','2013-08-15 15:18:04','110'),(2897,111,'EGB 1, 2 y 3 Provincial','MAR ARGENTINO','CDRO. RIVADAVIA',6,'2013-08-15 15:18:04','2013-08-15 15:18:04','111'),(2898,112,'EGB 1, 2 y 3 Provincial','ALEJANDRO CONESA','ESQUEL',3,'2013-08-15 15:18:04','2013-08-15 15:18:04','112'),(2899,113,'Inicial Provincial','ANTONIO ¥ANCULEF','CERRO CENTINELA',3,'2013-08-15 15:18:04','2013-08-15 15:18:04','113'),(2900,114,'Inicial Provincial','MANUEL MILLAGUALA','LAGO ROSARIO',3,'2013-08-15 15:18:04','2013-08-15 15:18:04','114'),(2901,115,'Inicial Provincial','13 DE DICIEMBRE','DIADEMA ARGENTINA',6,'2013-08-15 15:18:04','2013-08-15 15:18:04','115'),(2902,116,'EGB 1, 2 y 3 Provincial','CLAUSURADA','MINAPARANA',4,'2013-08-15 15:18:04','2013-08-15 15:18:04','116'),(2903,117,'Inicial Provincial','MTRO.RURAL CESAR A.RUBIO','LAGUNITA SALADA',4,'2013-08-15 15:18:04','2013-08-15 15:18:04','117'),(2904,118,'EGB 1, 2 y 3 Provincial','CANAL DE BEAGLE','EL MIRASOL',4,'2013-08-15 15:18:04','2013-08-15 15:18:04','118'),(2905,119,'EGB 1, 2 y 3 Provincial','NICOLAS AVELLANEDA','CDRO. RIVADAVIA',6,'2013-08-15 15:18:04','2013-08-15 15:18:04','119'),(2906,120,'Inicial Provincial','CERRADA POR FUSION CON 191','CORCOVADO',3,'2013-08-15 15:18:04','2013-08-15 15:18:04','120'),(2907,121,'Inicial Provincial','','EL CAJON',1,'2013-08-15 15:18:04','2013-08-15 15:18:04','121'),(2908,122,'EGB 1, 2 y 3 Provincial','JUAN BAUTISTA ALBERDI','TRELEW',4,'2013-08-15 15:18:04','2013-08-15 15:18:04','122'),(2909,123,'EGB 1, 2 y 3 Provincial','CMTE. LUIS JORGE FONTANA','TRELEW',4,'2013-08-15 15:18:04','2013-08-15 15:18:04','123'),(2910,124,'EGB 1, 2 y 3 Provincial','TOMAS ESPORA','PTO. MADRYN',2,'2013-08-15 15:18:04','2013-08-15 15:18:04','124'),(2911,125,'Inicial Provincial','SAN JUAN BOSCO','BETHESDA',4,'2013-08-15 15:18:04','2013-08-15 15:18:04','125'),(2912,126,'EGB 1, 2 y 3 Provincial','A.R.A. PUNTA MEDANOS','CDRO. RIVADAVIA',6,'2013-08-15 15:18:04','2013-08-15 15:18:04','126'),(2913,127,'Inicial Provincial','PAULINO LUIS BARZOLA','ALDEA APELEG',5,'2013-08-15 15:18:04','2013-08-15 15:18:04','127'),(2914,128,'EGB 1, 2 y 3 Provincial','','BLANCUNTRE',4,'2013-08-15 15:18:04','2013-08-15 15:18:04','128'),(2915,129,'Inicial Provincial','','DOS LAGUNAS (ALDEA EPULEF)',3,'2013-08-15 15:18:05','2013-08-15 15:18:05','129'),(2916,130,'Inicial Provincial','','LA ANGOSTURA',4,'2013-08-15 15:18:05','2013-08-15 15:18:05','130'),(2917,131,'EGB 1, 2 y 3 Provincial','CARLOS BARROSO','CORCOVADO SUR',3,'2013-08-15 15:18:05','2013-08-15 15:18:05','131'),(2918,132,'Inicial Provincial','CENT. DE LAS MISIONES SALESIANAS','CERRO RADAL',1,'2013-08-15 15:18:05','2013-08-15 15:18:05','132'),(2919,133,'EGB 1, 2 y 3 Provincial','ANTARTIDA ARGENTINA','CDRO. RIVADAVIA',6,'2013-08-15 15:18:05','2013-08-15 15:18:05','133'),(2920,134,'Especial Provincial','MARCELO ELISEO DUFLOS','PASO DEL SAPO',3,'2013-08-15 15:18:05','2013-08-15 15:18:05','134'),(2921,135,'EGB 1, 2 y 3 Provincial','SAN IGNACIO DE LOYOLA','CHACRAS DE SARMIENTO',5,'2013-08-15 15:18:05','2013-08-15 15:18:05','135'),(2922,136,'EGB 1, 2 y 3 Provincial','CLAUSURADA','LAGUNA DE VACA',4,'2013-08-15 15:18:05','2013-08-15 15:18:05','136'),(2923,137,'EGB 1, 2 y 3 Provincial','ISABEL K. DE STAUCK','COSTA DEL CHUBUT',3,'2013-08-15 15:18:05','2013-08-15 15:18:05','137'),(2924,138,'EGB 1, 2 y 3 Provincial','NICOLAS ORTIZ','TRELEW',4,'2013-08-15 15:18:05','2013-08-15 15:18:05','138'),(2925,139,'EGB 1, 2 y 3 Provincial','VALLE DE INMIGRANTES','28 DE JULIO',4,'2013-08-15 15:18:05','2013-08-15 15:18:05','139'),(2926,140,'EGB 1, 2 y 3 Provincial','MICHEL DAVID JONES','EBENECER',4,'2013-08-15 15:18:05','2013-08-15 15:18:05','140'),(2927,141,'EGB 1, 2 y 3 Provincial','CLAUSURADA','BOCA ZANJA NORTE',4,'2013-08-15 15:18:05','2013-08-15 15:18:05','141'),(2928,142,'EGB 1, 2 y 3 Provincial','CLAUSURADA','LAGO N§ 3',3,'2013-08-15 15:18:05','2013-08-15 15:18:05','142'),(2929,143,'EGB 1, 2 y 3 Provincial','PETROLEO ARGENTINO','CDRO. RIVADAVIA',6,'2013-08-15 15:18:05','2013-08-15 15:18:05','143'),(2930,144,'EGB 1, 2 y 3 Provincial','CLAUSURADA','SENGUER',5,'2013-08-15 15:18:05','2013-08-15 15:18:05','144'),(2931,145,'EGB 1, 2 y 3 Provincial','2 DE ABRIL DE 1982','TRELEW',4,'2013-08-15 15:18:05','2013-08-15 15:18:05','145'),(2932,146,'EGB 1, 2 y 3 Provincial','GRAL. ENRIQUE MOSCONI','CDRO. RIVADAVIA',6,'2013-08-15 15:18:05','2013-08-15 15:18:05','146'),(2933,147,'Inicial Provincial','LEANDRO AGUSTIN MU¥OZ','ASTRA',6,'2013-08-15 15:18:05','2013-08-15 15:18:05','147'),(2934,148,'EGB 1, 2 y 3 Provincial','25 DE MAYO','RIO MAYO',5,'2013-08-15 15:18:05','2013-08-15 15:18:05','148'),(2935,149,'EGB 1, 2 y 3 Provincial','CLAUSURADA','TIERRA SALADA',4,'2013-08-15 15:18:05','2013-08-15 15:18:05','149'),(2936,150,'EGB 1, 2 y 3 Provincial','PENINSULA DE VALDES','PTO. MADRYN',2,'2013-08-15 15:18:05','2013-08-15 15:18:05','150'),(2937,151,'EGB 1, 2 y 3 Provincial','ESCUELA DE LA AMISTAD','TRELEW',4,'2013-08-15 15:18:05','2013-08-15 15:18:05','151'),(2938,152,'EGB 1, 2 y 3 Provincial','ARMADA ARGENTINA','PTO. MADRYN',2,'2013-08-15 15:18:05','2013-08-15 15:18:05','152'),(2939,153,'EGB 1, 2 y 3 Provincial','ISIDRO QUIROGA','CDRO. RIVADAVIA',6,'2013-08-15 15:18:05','2013-08-15 15:18:05','153'),(2940,154,'EGB 1, 2 y 3 Provincial','OSCAR VICENTE HERRERA','CDRO. RIVADAVIA',6,'2013-08-15 15:18:05','2013-08-15 15:18:05','154'),(2941,155,'EGB 1, 2 y 3 Provincial','MAXIMO FERNANDEZ CORIA','CDRO. RIVADAVIA',6,'2013-08-15 15:18:05','2013-08-15 15:18:05','155'),(2942,156,'EGB 1, 2 y 3 Provincial','RAUL B. DIAZ','TRELEW',4,'2013-08-15 15:18:05','2013-08-15 15:18:05','156'),(2943,157,'EGB 1, 2 y 3 Provincial','GOB. JORGE J. GALINA','TRELEW',4,'2013-08-15 15:18:05','2013-08-15 15:18:05','157'),(2944,158,'EGB 1, 2 y 3 Provincial','PADRE JUAN MUZIO','PTO. MADRYN',2,'2013-08-15 15:18:05','2013-08-15 15:18:05','158'),(2945,159,'EGB 1, 2 y 3 Provincial','MAESTRO ISAIAS VERA','ESQUEL',3,'2013-08-15 15:18:05','2013-08-15 15:18:05','159'),(2946,160,'EGB 1, 2 y 3 Provincial','PIONERO M. RODRIGUEZ','CDRO. RIVADAVIA',6,'2013-08-15 15:18:06','2013-08-15 15:18:06','160'),(2947,161,'EGB 1, 2 y 3 Provincial','JOSE HERNANDEZ','CDRO. RIVADAVIA',6,'2013-08-15 15:18:06','2013-08-15 15:18:06','161'),(2948,162,'EGB 1, 2 y 3 Provincial','ROSA DE COREA','PTO. MADRYN',2,'2013-08-15 15:18:06','2013-08-15 15:18:06','162'),(2949,163,'EGB 1, 2 y 3 Provincial','','SARMIENTO',5,'2013-08-15 15:18:06','2013-08-15 15:18:06','163'),(2950,164,'EGB 1, 2 y 3 Provincial','CENT.DE LA CIUDAD DE TRELEW','TRELEW',4,'2013-08-15 15:18:06','2013-08-15 15:18:06','164'),(2951,165,'EGB 1, 2 y 3 Provincial','CONST.DE LA PCIA.DEL CHUBUT','TRELEW',4,'2013-08-15 15:18:06','2013-08-15 15:18:06','165'),(2952,166,'Especial Provincial','MAESTRO JUAN SIAS','TREVELIN',3,'2013-08-15 15:18:06','2013-08-15 15:18:06','166'),(2953,167,'EGB 1, 2 y 3 Provincial','CRUCERO GRAL. M. BELGRANO','RAWSON',4,'2013-08-15 15:18:06','2013-08-15 15:18:06','167'),(2954,168,'EGB 1, 2 y 3 Provincial','MAESTROS PATAGONICOS','PTO. MADRYN',2,'2013-08-15 15:18:06','2013-08-15 15:18:06','168'),(2955,169,'EGB 1, 2 y 3 Provincial','ESTRELLA DE MAR','CDRO. RIVADAVIA',6,'2013-08-15 15:18:06','2013-08-15 15:18:06','169'),(2956,170,'EGB 1, 2 y 3 Provincial','CACIQUE VALENTIN SAYHUEQUE','PTO. MADRYN',2,'2013-08-15 15:18:06','2013-08-15 15:18:06','170'),(2957,171,'EGB 1, 2 y 3 Provincial','CARRERO PATAGONICO','CDRO. RIVADAVIA',6,'2013-08-15 15:18:06','2013-08-15 15:18:06','171'),(2958,172,'EGB 1, 2 y 3 Provincial','PATAGONIA CENTRAL','CDRO. RIVADAVIA',6,'2013-08-15 15:18:06','2013-08-15 15:18:06','172'),(2959,173,'EGB 1, 2 y 3 Provincial','AYELEN RUKA','TRELEW',4,'2013-08-15 15:18:06','2013-08-15 15:18:06','173'),(2960,174,'EGB 1, 2 y 3 Provincial','CASIQUE CASIMIRO BIGUA','TRELEW',4,'2013-08-15 15:18:06','2013-08-15 15:18:06','174'),(2961,175,'EGB 1, 2 y 3 Provincial','','TRELEW',4,'2013-08-15 15:18:06','2013-08-15 15:18:06','175'),(2962,176,'Inicial Provincial','RAYEN-CHACAY-HUE','TECKA',3,'2013-08-15 15:18:06','2013-08-15 15:18:06','176'),(2963,177,'EGB 1, 2 y 3 Provincial','','PTO. MADRYN',2,'2013-08-15 15:18:06','2013-08-15 15:18:06','177'),(2964,178,'EGB 1, 2 y 3 Provincial','SUYAY HUE','RAWSON',4,'2013-08-15 15:18:06','2013-08-15 15:18:06','178'),(2965,179,'EGB 1, 2 y 3 Provincial','','ESQUEL',3,'2013-08-15 15:18:06','2013-08-15 15:18:06','179'),(2966,180,'EGB 1, 2 y 3 Provincial','','SARMIENTO',5,'2013-08-15 15:18:06','2013-08-15 15:18:06','180'),(2967,181,'EGB 1, 2 y 3 Provincial','CONSTITUYENTES PCIALES DE 1957','PTO. MADRYN',2,'2013-08-15 15:18:06','2013-08-15 15:18:06','181'),(2968,182,'EGB 1, 2 y 3 Provincial','EDWIN C. ROBERTS','TRELEW',4,'2013-08-15 15:18:06','2013-08-15 15:18:06','182'),(2969,183,'EGB 1, 2 y 3 Provincial','GOLFO SAN JORGE','CDRO. RIVADAVIA',6,'2013-08-15 15:18:06','2013-08-15 15:18:06','183'),(2970,184,'EGB 1, 2 y 3 Provincial','PTE. JUAN DOMINGO PERON','CDRO. RIVADAVIA',6,'2013-08-15 15:18:06','2013-08-15 15:18:06','184'),(2971,185,'EGB 1, 2 y 3 Provincial','AYLLU PIUQUE','RAWSON',4,'2013-08-15 15:18:06','2013-08-15 15:18:06','185'),(2972,186,'Inicial Provincial','','EL TURBIO',1,'2013-08-15 15:18:06','2013-08-15 15:18:06','186'),(2973,187,'EGB 1, 2 y 3 Provincial','CLAUSURADA','MINA ANGELA',4,'2013-08-15 15:18:06','2013-08-15 15:18:06','187'),(2974,188,'Inicial Provincial','','RIO PERCY',3,'2013-08-15 15:18:06','2013-08-15 15:18:06','188'),(2975,189,'EGB 1, 2 y 3 Provincial','MAESTRO ALEJANDRO DEL VALLE','TRELEW',4,'2013-08-15 15:18:07','2013-08-15 15:18:07','189'),(2976,190,'Inicial Provincial','','RAWSON',4,'2013-08-15 15:18:07','2013-08-15 15:18:07','190'),(2977,191,'Especial Provincial','','CORCOVADO',3,'2013-08-15 15:18:07','2013-08-15 15:18:07','191'),(2978,192,'EGB 1, 2 y 3 Provincial','MANUEL DEL VILLAR','PTO. MADRYN',2,'2013-08-15 15:18:07','2013-08-15 15:18:07','192'),(2979,193,'EGB 1, 2 y 3 Provincial','VELERO MIMOSA','PTO. MADRYN',2,'2013-08-15 15:18:07','2013-08-15 15:18:07','193'),(2980,194,'Primario Adultos Provincial','','LAGO PUELO',1,'2013-08-15 15:18:07','2013-08-15 15:18:07','194'),(2981,195,'EGB 1, 2 y 3 Provincial','HEROES DE MALVINAS','TRELEW',4,'2013-08-15 15:18:07','2013-08-15 15:18:07','195'),(2982,196,'EGB 1, 2 y 3 Provincial','13 DE JULIO','TRELEW',4,'2013-08-15 15:18:07','2013-08-15 15:18:07','196'),(2983,197,'EGB 1, 2 y 3 Provincial','CENTINELA DE LA PATRIA','CDRO. RIVADAVIA',6,'2013-08-15 15:18:07','2013-08-15 15:18:07','197'),(2984,198,'EGB 1, 2 y 3 Provincial','LIA GEORGINA LOPEZ','CDRO. RIVADAVIA',6,'2013-08-15 15:18:07','2013-08-15 15:18:07','198'),(2985,199,'EGB 1, 2 y 3 Provincial','DON LUIS FELDMAN JOSIN','TRELEW',4,'2013-08-15 15:18:07','2013-08-15 15:18:07','199'),(2986,200,'EGB 1, 2 y 3 Provincial','','ESQUEL',3,'2013-08-15 15:18:07','2013-08-15 15:18:07','200'),(2987,201,'EGB 1, 2 y 3 Provincial','','TRELEW',4,'2013-08-15 15:18:07','2013-08-15 15:18:07','201'),(2988,202,'EGB 1, 2 y 3 Provincial','JULIAN MURGA','RAWSON',4,'2013-08-15 15:18:07','2013-08-15 15:18:07','202'),(2989,203,'EGB 1, 2 y 3 Provincial','PROFESOR JOSE MANUEL ESTRADA','CDRO. RIVADAVIA',6,'2013-08-15 15:18:07','2013-08-15 15:18:07','203'),(2990,204,'Inicial Provincial','PERITO MORENO','CDRO. RIVADAVIA',6,'2013-08-15 15:18:07','2013-08-15 15:18:07','204'),(2991,205,'EGB 1, 2 y 3 Provincial','REP.COSTA RICA','ESQUEL',3,'2013-08-15 15:18:07','2013-08-15 15:18:07','205'),(2992,206,'EGB 1, 2 y 3 Provincial','MARIA CURIE ( D.A.)','TRELEW',4,'2013-08-15 15:18:07','2013-08-15 15:18:07','206'),(2993,207,'EGB 1, 2 y 3 Provincial','','TRELEW',4,'2013-08-15 15:18:07','2013-08-15 15:18:07','207'),(2994,208,'Primario Adultos Provincial','','SIERRA COLORADA',3,'2013-08-15 15:18:07','2013-08-15 15:18:07','208'),(2995,209,'EGB 1, 2 y 3 Provincial','','CDRO. RIVADAVIA',6,'2013-08-15 15:18:07','2013-08-15 15:18:07','209'),(2996,210,'EGB 1, 2 y 3 Provincial','','ESQUEL',3,'2013-08-15 15:18:07','2013-08-15 15:18:07','210'),(2997,211,'EGB 1, 2 y 3 Provincial','','CDRO. RIVADAVIA',6,'2013-08-15 15:18:07','2013-08-15 15:18:07','211'),(2998,212,'EGB 1, 2 y 3 Provincial','','EL ESCORIAL',4,'2013-08-15 15:18:07','2013-08-15 15:18:07','212'),(2999,213,'EGB 1, 2 y 3 Provincial','','PTO. MADRYN',2,'2013-08-15 15:18:08','2013-08-15 15:18:08','213'),(3000,214,'EGB 1, 2 y 3 Provincial','','EL RIACHO',4,'2013-08-15 15:18:08','2013-08-15 15:18:08','214'),(3001,215,'EGB 1, 2 y 3 Provincial','','TRELEW',4,'2013-08-15 15:18:08','2013-08-15 15:18:08','215'),(3002,216,'EGB 1, 2 y 3 Provincial','','TRELEW',4,'2013-08-15 15:18:08','2013-08-15 15:18:08','216'),(3003,217,'EGB 1, 2 y 3 Provincial','','RADA TILLY',6,'2013-08-15 15:18:08','2013-08-15 15:18:08','217'),(3004,218,'','','CDRO. RIVADAVIA',6,'2013-08-15 15:18:08','2013-08-15 15:18:08','218'),(3005,219,'','','PTO. MADRYN',2,'2013-08-15 15:18:08','2013-08-15 15:18:08','219'),(3006,220,'','','TRELEW',4,'2013-08-15 15:18:08','2013-08-15 15:18:08','220'),(3007,221,'','','CDRO. RIVADAVIA',6,'2013-08-15 15:18:08','2013-08-15 15:18:08','221'),(3008,301,'Hospitalario Provincial','DR. RICARDO GUTIERREZ','CDRO. RIVADAVIA',6,'2013-08-15 15:18:08','2013-08-15 15:18:08','301'),(3009,302,'Hospitalario Provincial','DR. ATILIO REBELLO','CDRO. RIVADAVIA',6,'2013-08-15 15:18:08','2013-08-15 15:18:08','302'),(3010,303,'Hospitalario Provincial','','TRELEW',4,'2013-08-15 15:18:08','2013-08-15 15:18:08','303'),(3011,304,'Hospitalario Provincial','','ESQUEL',3,'2013-08-15 15:18:08','2013-08-15 15:18:08','304'),(3012,305,'Hospitalario Provincial','','PTO. MADRYN',2,'2013-08-15 15:18:08','2013-08-15 15:18:08','305'),(3013,306,'Hospitalario Provincial','','RAWSON',4,'2013-08-15 15:18:08','2013-08-15 15:18:08','306'),(3014,307,'Hospitalario Provincial','','SARMIENTO',5,'2013-08-15 15:18:08','2013-08-15 15:18:08','307'),(3015,401,'Inicial Provincial','ROSARIO VERA PE¥ALOZA','RAWSON',4,'2013-08-15 15:18:08','2013-08-15 15:18:08','401'),(3016,402,'Inicial Provincial','JUANA MANSO','CDRO. RIVADAVIA',6,'2013-08-15 15:18:08','2013-08-15 15:18:08','402'),(3017,403,'Inicial Provincial','DOMINGO F. SARMIENTO','CDRO. RIVADAVIA',6,'2013-08-15 15:18:08','2013-08-15 15:18:08','403'),(3018,404,'Inicial Provincial','HUENNIHUEN','RAWSON',4,'2013-08-15 15:18:08','2013-08-15 15:18:08','404'),(3019,405,'Inicial Provincial','','TRELEW',4,'2013-08-15 15:18:08','2013-08-15 15:18:08','405'),(3020,406,'Inicial Provincial','','CDRO. RIVADAVIA',6,'2013-08-15 15:18:08','2013-08-15 15:18:08','406'),(3021,407,'Inicial Provincial','','RADA TILLY',6,'2013-08-15 15:18:08','2013-08-15 15:18:08','407'),(3022,408,'Inicial Provincial','','CDRO. RIVADAVIA',6,'2013-08-15 15:18:08','2013-08-15 15:18:08','408'),(3023,409,'Inicial Provincial','','ESQUEL',3,'2013-08-15 15:18:08','2013-08-15 15:18:08','409'),(3024,410,'Inicial Provincial','','PTO. MADRYN',2,'2013-08-15 15:18:09','2013-08-15 15:18:09','410'),(3025,411,'Inicial Provincial','','SARMIENTO',5,'2013-08-15 15:18:09','2013-08-15 15:18:09','411'),(3026,412,'Inicial Provincial','','TRELEW',4,'2013-08-15 15:18:09','2013-08-15 15:18:09','412'),(3027,413,'Inicial Provincial','','CDRO. RIVADAVIA',6,'2013-08-15 15:18:09','2013-08-15 15:18:09','413'),(3028,414,'Inicial Provincial','','ESQUEL',3,'2013-08-15 15:18:09','2013-08-15 15:18:09','414'),(3029,415,'Inicial Provincial','MAIR AP. IWAN DE ROBERTS','GAIMAN',4,'2013-08-15 15:18:09','2013-08-15 15:18:09','415'),(3030,416,'Inicial Provincial','','CDRO. RIVADAVIA',6,'2013-08-15 15:18:09','2013-08-15 15:18:09','416'),(3031,417,'Inicial Provincial','','CDRO. RIVADAVIA',6,'2013-08-15 15:18:09','2013-08-15 15:18:09','417'),(3032,418,'Inicial Provincial','','ALTO RIO SENGUER',5,'2013-08-15 15:18:09','2013-08-15 15:18:09','418'),(3033,419,'Inicial Provincial','','RIO MAYO',5,'2013-08-15 15:18:09','2013-08-15 15:18:09','419'),(3034,420,'Inicial Provincial','','EL MAITEN',1,'2013-08-15 15:18:09','2013-08-15 15:18:09','420'),(3035,421,'Inicial Provincial','','CDRO. RIVADAVIA',6,'2013-08-15 15:18:09','2013-08-15 15:18:09','421'),(3036,422,'Inicial Provincial','MARTHA SALOTTI','TREVELIN',3,'2013-08-15 15:18:09','2013-08-15 15:18:09','422'),(3037,423,'Inicial Provincial','','TRELEW',4,'2013-08-15 15:18:09','2013-08-15 15:18:09','423'),(3038,424,'Inicial Provincial','','CDRO. RIVADAVIA',6,'2013-08-15 15:18:09','2013-08-15 15:18:09','424'),(3039,425,'Inicial Provincial','','TRELEW',4,'2013-08-15 15:18:09','2013-08-15 15:18:09','425'),(3040,426,'Inicial Provincial','','CDRO. RIVADAVIA',6,'2013-08-15 15:18:09','2013-08-15 15:18:09','426'),(3041,427,'Inicial Provincial','','TRELEW',4,'2013-08-15 15:18:09','2013-08-15 15:18:09','427'),(3042,428,'Inicial Provincial','','CDRO. RIVADAVIA',6,'2013-08-15 15:18:09','2013-08-15 15:18:09','428'),(3043,429,'Inicial Provincial','','TRELEW',4,'2013-08-15 15:18:09','2013-08-15 15:18:09','429'),(3044,430,'Inicial Provincial','','PTO. MADRYN',2,'2013-08-15 15:18:09','2013-08-15 15:18:09','430'),(3045,431,'Inicial Provincial','','TRELEW',4,'2013-08-15 15:18:09','2013-08-15 15:18:09','431'),(3046,432,'Inicial Provincial','','DOLAVON',4,'2013-08-15 15:18:09','2013-08-15 15:18:09','432'),(3047,433,'Inicial Provincial','','TRELEW',4,'2013-08-15 15:18:09','2013-08-15 15:18:09','433'),(3048,434,'Inicial Provincial','','PTO. MADRYN',2,'2013-08-15 15:18:09','2013-08-15 15:18:09','434'),(3049,435,'Inicial Provincial','','CDRO. RIVADAVIA',6,'2013-08-15 15:18:09','2013-08-15 15:18:09','435'),(3050,436,'Inicial Provincial','REP. COSTA RICA','ESQUEL',3,'2013-08-15 15:18:09','2013-08-15 15:18:09','436'),(3051,437,'Inicial Provincial','MARIA CURIE','TRELEW',4,'2013-08-15 15:18:09','2013-08-15 15:18:09','437'),(3052,438,'Inicial Provincial','','CDRO. RIVADAVIA',6,'2013-08-15 15:18:09','2013-08-15 15:18:09','438'),(3053,439,'Inicial Provincial','','CDRO. RIVADAVIA',6,'2013-08-15 15:18:09','2013-08-15 15:18:09','439'),(3054,440,'Inicial Provincial','PUERTA DEL SOL','CDRO. RIVADAVIA',6,'2013-08-15 15:18:10','2013-08-15 15:18:10','440'),(3055,441,'Inicial Provincial','','RAWSON',4,'2013-08-15 15:18:10','2013-08-15 15:18:10','441'),(3056,442,'Inicial Provincial','','TRELEW',4,'2013-08-15 15:18:10','2013-08-15 15:18:10','442'),(3057,443,'Inicial Provincial','','TRELEW',4,'2013-08-15 15:18:10','2013-08-15 15:18:10','443'),(3058,444,'Inicial Provincial','','ESQUEL',3,'2013-08-15 15:18:10','2013-08-15 15:18:10','444'),(3059,445,'Inicial Provincial','','CHOLILA',1,'2013-08-15 15:18:10','2013-08-15 15:18:10','445'),(3060,446,'Inicial Provincial','','LAGO PUELO',1,'2013-08-15 15:18:10','2013-08-15 15:18:10','446'),(3061,447,'Inicial Provincial','','CDRO. RIVADAVIA',6,'2013-08-15 15:18:10','2013-08-15 15:18:10','447'),(3062,448,'Inicial Provincial','Centro de Desarrollo Infantil Nø 6','PTO. MADRYN',2,'2013-08-15 15:18:10','2013-08-15 15:18:10','448'),(3063,449,'Inicial Provincial','Centro de Desarrollo Infantil Nø 5','PTO. MADRYN',2,'2013-08-15 15:18:10','2013-08-15 15:18:10','449'),(3064,450,'Inicial Provincial','','ESQUEL',3,'2013-08-15 15:18:10','2013-08-15 15:18:10','450'),(3065,451,'Inicial Provincial','','TRELEW',4,'2013-08-15 15:18:10','2013-08-15 15:18:10','451'),(3066,452,'Inicial Provincial','','TRELEW',4,'2013-08-15 15:18:10','2013-08-15 15:18:10','452'),(3067,453,'Inicial Provincial','','EL HOYO',1,'2013-08-15 15:18:10','2013-08-15 15:18:10','453'),(3068,454,'Inicial Provincial','','CORCOVADO',3,'2013-08-15 15:18:10','2013-08-15 15:18:10','454'),(3069,455,'Inicial Provincial','','ESQUEL',3,'2013-08-15 15:18:10','2013-08-15 15:18:10','455'),(3070,456,'Inicial Provincial','','GOB. COSTA',3,'2013-08-15 15:18:10','2013-08-15 15:18:10','456'),(3071,457,'Inicial Provincial','','PTO. MADRYN',2,'2013-08-15 15:18:10','2013-08-15 15:18:10','457'),(3072,458,'Inicial Provincial','','J.DE SAN MARTIN',3,'2013-08-15 15:18:10','2013-08-15 15:18:10','458'),(3073,459,'','','PLAYA UNION',4,'2013-08-15 15:18:10','2013-08-15 15:18:10','459'),(3074,460,'','','SARMIENTO',5,'2013-08-15 15:18:10','2013-08-15 15:18:10','460'),(3075,461,'','','PTO. MADRYN',2,'2013-08-15 15:18:10','2013-08-15 15:18:10','461'),(3076,462,'','','PTO. MADRYN',2,'2013-08-15 15:18:10','2013-08-15 15:18:10','462'),(3077,463,'','','CDRO. RIVADAVIA',6,'2013-08-15 15:18:10','2013-08-15 15:18:10','463'),(3078,464,'','','PTO. MADRYN',2,'2013-08-15 15:18:10','2013-08-15 15:18:10','464'),(3079,465,'','','CDRO. RIVADAVIA',6,'2013-08-15 15:18:10','2013-08-15 15:18:10','465'),(3080,466,'','','TECKA',3,'2013-08-15 15:18:10','2013-08-15 15:18:10','466'),(3081,467,'','','CDRO. RIVADAVIA',6,'2013-08-15 15:18:10','2013-08-15 15:18:10','467'),(3082,468,'','','TRELEW',4,'2013-08-15 15:18:11','2013-08-15 15:18:11','468'),(3083,469,'','','ESQUEL',3,'2013-08-15 15:18:11','2013-08-15 15:18:11','469'),(3084,470,'','','ESQUEL',3,'2013-08-15 15:18:11','2013-08-15 15:18:11','470'),(3085,471,'','','TRELEW',4,'2013-08-15 15:18:11','2013-08-15 15:18:11','471'),(3086,472,'','','CDRO. RIVADAVIA',6,'2013-08-15 15:18:11','2013-08-15 15:18:11','472'),(3087,473,'','','CAMARONES',4,'2013-08-15 15:18:11','2013-08-15 15:18:11','473'),(3088,475,'','','PTO. MADRYN',2,'2013-08-15 15:18:11','2013-08-15 15:18:11','475'),(3089,476,'','','EPUYEN',1,'2013-08-15 15:18:11','2013-08-15 15:18:11','476'),(3090,477,'','','PASO DE INDIOS',4,'2013-08-15 15:18:11','2013-08-15 15:18:11','477'),(3091,478,'','','TREVELIN',3,'2013-08-15 15:18:11','2013-08-15 15:18:11','478'),(3092,479,'','','TRELEW',4,'2013-08-15 15:18:11','2013-08-15 15:18:11','479'),(3093,501,'Especial Provincial','REMEDIOS ESCALADA DE SAN MARTIN','CDRO. RIVADAVIA',6,'2013-08-15 15:18:11','2013-08-15 15:18:11','501'),(3094,502,'Especial Provincial','','ESQUEL',3,'2013-08-15 15:18:11','2013-08-15 15:18:11','502'),(3095,503,'Especial Provincial','PROVINCIA DE TUCUMAN','TRELEW',4,'2013-08-15 15:18:11','2013-08-15 15:18:11','503'),(3096,504,'Especial Provincial','','RAWSON',4,'2013-08-15 15:18:11','2013-08-15 15:18:11','504'),(3097,506,'Especial Provincial','','TRELEW',4,'2013-08-15 15:18:11','2013-08-15 15:18:11','506'),(3098,508,'Especial Provincial','','SARMIENTO',5,'2013-08-15 15:18:11','2013-08-15 15:18:11','508'),(3099,509,'Especial Provincial','','RAWSON',4,'2013-08-15 15:18:11','2013-08-15 15:18:11','509'),(3100,510,'Especial Provincial','','ESQUEL',3,'2013-08-15 15:18:11','2013-08-15 15:18:11','510'),(3101,511,'Especial Provincial','MAESTRO JOSE LORENZO GONZALEZ','TRELEW',4,'2013-08-15 15:18:11','2013-08-15 15:18:11','511'),(3102,512,'Especial Provincial','','TRELEW',4,'2013-08-15 15:18:11','2013-08-15 15:18:11','512'),(3103,513,'Especial Provincial','','GAIMAN',4,'2013-08-15 15:18:11','2013-08-15 15:18:11','513'),(3104,514,'Especial Provincial','ALICIA DEFOREL','CDRO. RIVADAVIA',6,'2013-08-15 15:18:11','2013-08-15 15:18:11','514'),(3105,515,'Especial Provincial','','CDRO. RIVADAVIA',6,'2013-08-15 15:18:11','2013-08-15 15:18:11','515'),(3106,516,'Especial Provincial','','PTO. MADRYN',2,'2013-08-15 15:18:11','2013-08-15 15:18:11','516'),(3107,517,'Especial Provincial','','CDRO. RIVADAVIA',6,'2013-08-15 15:18:12','2013-08-15 15:18:12','517'),(3108,518,'Especial Provincial','','ESQUEL',3,'2013-08-15 15:18:12','2013-08-15 15:18:12','518'),(3109,519,'Especial Provincial','GENERAL ENRIQUE MOSCONI','CDRO. RIVADAVIA',6,'2013-08-15 15:18:12','2013-08-15 15:18:12','519'),(3110,520,'Especial Provincial','ANTARTIDA ARGENTINA','PTO. MADRYN',2,'2013-08-15 15:18:12','2013-08-15 15:18:12','520'),(3111,521,'Especial Provincial','','CDRO. RIVADAVIA',6,'2013-08-15 15:18:12','2013-08-15 15:18:12','521'),(3112,522,'Especial Provincial','','LAS GOLONDRINAS',1,'2013-08-15 15:18:12','2013-08-15 15:18:12','522'),(3113,523,'Especial Provincial','','ESQUEL',3,'2013-08-15 15:18:12','2013-08-15 15:18:12','523'),(3114,524,'Especial Provincial','','PTO. MADRYN',2,'2013-08-15 15:18:12','2013-08-15 15:18:12','524'),(3115,525,'Especial Provincial','','RAWSON',4,'2013-08-15 15:18:12','2013-08-15 15:18:12','525'),(3116,526,'Especial Provincial','','PTO. MADRYN',2,'2013-08-15 15:18:12','2013-08-15 15:18:12','526'),(3117,527,'Especial Provincial','','ESQUEL',3,'2013-08-15 15:18:12','2013-08-15 15:18:12','527'),(3118,528,'Especial Provincial','','PTO. MADRYN',2,'2013-08-15 15:18:12','2013-08-15 15:18:12','528'),(3119,529,'Especial Provincial','','TRELEW',4,'2013-08-15 15:18:12','2013-08-15 15:18:12','529'),(3120,530,'Especial Provincial','','EL MAITEN',1,'2013-08-15 15:18:12','2013-08-15 15:18:12','530'),(3121,531,'','','TREVELIN',3,'2013-08-15 15:18:12','2013-08-15 15:18:12','531'),(3122,551,'Especial Provincial','C. SERV. ALTER.Y COMPL.N§1','ESQUEL',3,'2013-08-15 15:18:12','2013-08-15 15:18:12','551'),(3123,552,'Especial Provincial','C. SERV. ALTER.Y COMPL.','RAWSON',4,'2013-08-15 15:18:12','2013-08-15 15:18:12','552'),(3124,553,'Especial Provincial','C. SERV. ALTER.Y COMPL.','TRELEW',4,'2013-08-15 15:18:12','2013-08-15 15:18:12','553'),(3125,554,'Especial Provincial','C. SERV. ALTER.Y COMPL.','CDRO. RIVADAVIA',6,'2013-08-15 15:18:12','2013-08-15 15:18:12','554'),(3126,555,'Especial Provincial','C. SERV. ALTER.Y COMPL.','GAIMAN',4,'2013-08-15 15:18:12','2013-08-15 15:18:12','555'),(3127,556,'Especial Provincial','C. SERV. ALTER.Y COMPL.','PTO. MADRYN',2,'2013-08-15 15:18:12','2013-08-15 15:18:12','556'),(3128,557,'Especial Provincial','C. SERV. ALTER.Y COMPL.','TREVELIN',3,'2013-08-15 15:18:12','2013-08-15 15:18:12','557'),(3129,558,'','','SARMIENTO',5,'2013-08-15 15:18:12','2013-08-15 15:18:12','558'),(3130,559,'','','GOB. COSTA',3,'2013-08-15 15:18:12','2013-08-15 15:18:12','559'),(3131,560,'','','ESQUEL',3,'2013-08-15 15:18:12','2013-08-15 15:18:12','560'),(3132,561,'','','TRELEW',4,'2013-08-15 15:18:13','2013-08-15 15:18:13','561'),(3133,601,'ND','AGUSTIN IGNACIO DE JESUS PONCE','TREVELIN',3,'2013-08-15 15:18:13','2013-08-15 15:18:13','601'),(3134,602,'ND','ALFREDO ANGEL PILLATTI','ESQUEL',3,'2013-08-15 15:18:13','2013-08-15 15:18:13','602'),(3135,603,'ND','MAESTRA ADELAIDA MERCEDES BECERRA','RAWSON',4,'2013-08-15 15:18:13','2013-08-15 15:18:13','603'),(3136,604,'ND','','EL MAITEN',1,'2013-08-15 15:18:13','2013-08-15 15:18:13','604'),(3137,605,'Primario Adultos Provincial','CLAUSURADA','GOB. COSTA',3,'2013-08-15 15:18:13','2013-08-15 15:18:13','605'),(3138,606,'ND','(CERRADA)Fusionada con 602','ESQUEL',3,'2013-08-15 15:18:13','2013-08-15 15:18:13','606'),(3139,607,'ND','','PTO. MADRYN',2,'2013-08-15 15:18:13','2013-08-15 15:18:13','607'),(3140,608,'ND','MAESTRO DANIEL ANDRES ARCE','TRELEW',4,'2013-08-15 15:18:13','2013-08-15 15:18:13','608'),(3141,609,'ND','','DOLAVON',4,'2013-08-15 15:18:13','2013-08-15 15:18:13','609'),(3142,610,'ND','','CDRO. RIVADAVIA',6,'2013-08-15 15:18:13','2013-08-15 15:18:13','610'),(3143,611,'ND','','CDRO. RIVADAVIA',6,'2013-08-15 15:18:13','2013-08-15 15:18:13','611'),(3144,612,'ND','','SARMIENTO',5,'2013-08-15 15:18:13','2013-08-15 15:18:13','612'),(3145,613,'ND','','CDRO. RIVADAVIA',6,'2013-08-15 15:18:13','2013-08-15 15:18:13','613'),(3146,614,'ND','','CDRO. RIVADAVIA',6,'2013-08-15 15:18:13','2013-08-15 15:18:13','614'),(3147,615,'ND','DONALD BORSELLA','TRELEW',4,'2013-08-15 15:18:13','2013-08-15 15:18:13','615'),(3148,616,'','','',NULL,'2013-08-15 15:18:13','2013-08-15 15:18:13','616'),(3149,617,'ND','','PTO. MADRYN',2,'2013-08-15 15:18:13','2013-08-15 15:18:13','617'),(3150,618,'Primario Adultos Provincial','JUANA EVANGELINA VELAZQUEZ ADARO DE ZARATE','TRELEW',4,'2013-08-15 15:18:13','2013-08-15 15:18:13','618'),(3151,619,'Primario Adultos Provincial','CLAUSURADA','CDRO. RIVADAVIA',6,'2013-08-15 15:18:13','2013-08-15 15:18:13','619'),(3152,620,'Primario Adultos Provincial','CLAUSURADA','CDRO. RIVADAVIA',6,'2013-08-15 15:18:13','2013-08-15 15:18:13','620'),(3153,621,'Primario Adultos Provincial','CLAUSURADA','SARMIENTO',5,'2013-08-15 15:18:13','2013-08-15 15:18:13','621'),(3154,622,'Primario Adultos Provincial','CLAUSURADA','CDRO. RIVADAVIA',6,'2013-08-15 15:18:13','2013-08-15 15:18:13','622'),(3155,623,'Primario Adultos Provincial','CLAUSURADA','TRELEW',4,'2013-08-15 15:18:13','2013-08-15 15:18:13','623'),(3156,624,'Primario Adultos Provincial','','RIO MAYO',5,'2013-08-15 15:18:13','2013-08-15 15:18:13','624'),(3157,625,'Primario Adultos Provincial','CNEL. FONTANA (CLAUSURADA) fusionada con 602','ESQUEL',3,'2013-08-15 15:18:13','2013-08-15 15:18:13','625'),(3158,626,'Primario Adultos Provincial','CLAUSURADA','CDRO. RIVADAVIA',6,'2013-08-15 15:18:13','2013-08-15 15:18:13','626'),(3159,650,'ND','C.F.P. 1','RAWSON',4,'2013-08-15 15:18:13','2013-08-15 15:18:13','650'),(3160,651,'ND','C.F.P. 2','PTO. MADRYN',2,'2013-08-15 15:18:14','2013-08-15 15:18:14','651'),(3161,652,'ND','C.F.P. 3','CDRO. RIVADAVIA',6,'2013-08-15 15:18:14','2013-08-15 15:18:14','652'),(3162,653,'ND','C.F.P. 4','TRELEW',4,'2013-08-15 15:18:14','2013-08-15 15:18:14','653'),(3163,654,'ND','C.F.P. 5','GAIMAN',4,'2013-08-15 15:18:14','2013-08-15 15:18:14','654'),(3164,655,'ND','C.F.P. 6','ESQUEL',3,'2013-08-15 15:18:14','2013-08-15 15:18:14','655'),(3165,656,'ND','C.F.P. 7 (CLAUSURADA)','EPUYEN',1,'2013-08-15 15:18:14','2013-08-15 15:18:14','656'),(3166,657,'ND','C.F.P. 8','LAGO PUELO',1,'2013-08-15 15:18:14','2013-08-15 15:18:14','657'),(3167,670,'','','',NULL,'2013-08-15 15:18:14','2013-08-15 15:18:14','670'),(3168,701,'Medio Provincial','FRANCISCO E.GILARDONI','ESQUEL',3,'2013-08-15 15:18:14','2013-08-15 15:18:14','701'),(3169,702,'Medio Provincial','DR. GUILLERMO RAWSON','RAWSON',4,'2013-08-15 15:18:14','2013-08-15 15:18:14','702'),(3170,703,'Medio Provincial','JOSE TOSCHKE','PTO. MADRYN',2,'2013-08-15 15:18:14','2013-08-15 15:18:14','703'),(3171,704,'Medio Provincial','PREF. NAVAL ARG.','CDRO. RIVADAVIA',6,'2013-08-15 15:18:14','2013-08-15 15:18:14','704'),(3172,705,'Medio Provincial','NESTOR G. SALVATIERRA','TREVELIN',3,'2013-08-15 15:18:14','2013-08-15 15:18:14','705'),(3173,706,'Medio Provincial','GREGORIO MAYO','RIO MAYO',5,'2013-08-15 15:18:14','2013-08-15 15:18:14','706'),(3174,707,'Medio Provincial','CIUDAD DE YAPEYU','CDRO. RIVADAVIA',6,'2013-08-15 15:18:14','2013-08-15 15:18:14','707'),(3175,708,'Medio Provincial','MALVINAS ARGENTINAS','ESQUEL',3,'2013-08-15 15:18:14','2013-08-15 15:18:14','708'),(3176,709,'Medio Provincial','GENDARMERIA NACIONAL','J.DE SAN MARTIN',3,'2013-08-15 15:18:14','2013-08-15 15:18:14','709'),(3177,710,'Medio Provincial','MARIA S. CARBAJAL','PTO. MADRYN',2,'2013-08-15 15:18:14','2013-08-15 15:18:14','710'),(3178,711,'Medio Provincial','FEDERICO BRANDSEN','CDRO. RIVADAVIA',6,'2013-08-15 15:18:14','2013-08-15 15:18:14','711'),(3179,712,'Medio Provincial','DON S. ESTRADA','TRELEW',4,'2013-08-15 15:18:14','2013-08-15 15:18:14','712'),(3180,713,'Medio Provincial','JUAN ABDALA CHAYEP','ESQUEL',3,'2013-08-15 15:18:14','2013-08-15 15:18:14','713'),(3181,714,'Medio Provincial','JULIO CORTAZAR','TRELEW',4,'2013-08-15 15:18:14','2013-08-15 15:18:14','714'),(3182,715,'Medio Provincial','VACANTE','',0,'2013-08-15 15:18:14','2013-08-15 15:18:14','715'),(3183,716,'Medio Provincial','CASIMIRO SZLAPELIZ','ALTO RIO SENGUER',5,'2013-08-15 15:18:14','2013-08-15 15:18:14','716'),(3184,717,'Medio Provincial','','CERRO RADAL',1,'2013-08-15 15:18:14','2013-08-15 15:18:14','717'),(3185,718,'Medio Provincial','LIBERTAD','RADA TILLY',6,'2013-08-15 15:18:14','2013-08-15 15:18:14','718'),(3186,719,'Medio Provincial','PE¥IHUE','GOB. COSTA',3,'2013-08-15 15:18:14','2013-08-15 15:18:14','719'),(3187,720,'Medio Provincial','','TRELEW',4,'2013-08-15 15:18:14','2013-08-15 15:18:14','720'),(3188,721,'Medio Provincial','CALETA HORNO','CAMARONES',4,'2013-08-15 15:18:14','2013-08-15 15:18:14','721'),(3189,722,'Medio Provincial','PROSPERO PALAZZO','CDRO. RIVADAVIA',6,'2013-08-15 15:18:14','2013-08-15 15:18:14','722'),(3190,723,'Medio Provincial','PUERTO ARGENTINO','CDRO. RIVADAVIA',6,'2013-08-15 15:18:15','2013-08-15 15:18:15','723'),(3191,724,'Medio Provincial','PTE. ARTURO H. ILLIA','TRELEW',4,'2013-08-15 15:18:15','2013-08-15 15:18:15','724'),(3192,725,'Medio Provincial','JUAN XXIII','SARMIENTO',5,'2013-08-15 15:18:15','2013-08-15 15:18:15','725'),(3193,726,'Medio Provincial','PADRE URBANO SALORT','EL MAITEN',1,'2013-08-15 15:18:15','2013-08-15 15:18:15','726'),(3194,727,'Medio Provincial','','CHOLILA',1,'2013-08-15 15:18:15','2013-08-15 15:18:15','727'),(3195,728,'Medio Provincial','ALFONSINA STORNI','PTO. MADRYN',2,'2013-08-15 15:18:15','2013-08-15 15:18:15','728'),(3196,729,'Medio Provincial','DR. SALVADOR MAZZA','RAWSON',4,'2013-08-15 15:18:15','2013-08-15 15:18:15','729'),(3197,730,'Medio Provincial','','TRELEW',4,'2013-08-15 15:18:15','2013-08-15 15:18:15','730'),(3198,731,'Medio Provincial','GRAN MALVINA','CDRO. RIVADAVIA',6,'2013-08-15 15:18:15','2013-08-15 15:18:15','731'),(3199,732,'Medio Provincial','PBRO.IGNACIO KOENIG','CDRO. RIVADAVIA',6,'2013-08-15 15:18:15','2013-08-15 15:18:15','732'),(3200,733,'Medio Provincial','','BRYN GWYN',4,'2013-08-15 15:18:15','2013-08-15 15:18:15','733'),(3201,734,'Medio Provincial','','EL HOYO',1,'2013-08-15 15:18:15','2013-08-15 15:18:15','734'),(3202,735,'Medio Provincial','','ESQUEL',3,'2013-08-15 15:18:15','2013-08-15 15:18:15','735'),(3203,736,'Medio Provincial','AVIADORES DE MALVINAS','PTO. MADRYN',2,'2013-08-15 15:18:15','2013-08-15 15:18:15','736'),(3204,737,'Medio Provincial','','CDRO. RIVADAVIA',6,'2013-08-15 15:18:15','2013-08-15 15:18:15','737'),(3205,738,'Medio Provincial','DR. PASTOR SCHNEIDER','CDRO. RIVADAVIA',6,'2013-08-15 15:18:15','2013-08-15 15:18:15','738'),(3206,739,'Medio Provincial','Dra. Beatriz Josefa Torres','SARMIENTO',5,'2013-08-15 15:18:15','2013-08-15 15:18:15','739'),(3207,740,'Medio Provincial','','TREVELIN',3,'2013-08-15 15:18:15','2013-08-15 15:18:15','740'),(3208,741,'Medio Provincial','CABO BOMBERO VOL. JUAN M.PASSERINI','PTO. MADRYN',2,'2013-08-15 15:18:15','2013-08-15 15:18:15','741'),(3209,742,'Medio Provincial','','CDRO. RIVADAVIA',6,'2013-08-15 15:18:15','2013-08-15 15:18:15','742'),(3210,743,'Medio Provincial','PARQUE EOLICO ANTONIO MORAN','CDRO. RIVADAVIA',6,'2013-08-15 15:18:15','2013-08-15 15:18:15','743'),(3211,744,'Medio Provincial','','TRELEW',4,'2013-08-15 15:18:15','2013-08-15 15:18:15','744'),(3212,745,'Medio Provincial','','CDRO. RIVADAVIA',6,'2013-08-15 15:18:15','2013-08-15 15:18:15','745'),(3213,746,'Medio Provincial','','CDRO. RIVADAVIA',6,'2013-08-15 15:18:16','2013-08-15 15:18:16','746'),(3214,747,'Medio Provincial','COLEGIO NACIONAL DE TRELEW','TRELEW',4,'2013-08-15 15:18:16','2013-08-15 15:18:16','747'),(3215,748,'Medio Provincial','TTE. CRNEL. LUIS PIEDRABUENA','TRELEW',4,'2013-08-15 15:18:16','2013-08-15 15:18:16','748'),(3216,749,'Medio Provincial','GRAL. ING. BALDRICH','CDRO. RIVADAVIA',6,'2013-08-15 15:18:16','2013-08-15 15:18:16','749'),(3217,750,'Medio Provincial','LEANDRO N. ALEM','PTO. MADRYN',2,'2013-08-15 15:18:16','2013-08-15 15:18:16','750'),(3218,751,'Medio Provincial','E.N.C. N§ 1','TRELEW',4,'2013-08-15 15:18:16','2013-08-15 15:18:16','751'),(3219,752,'Medio Provincial','E.N.C.','RAWSON',4,'2013-08-15 15:18:16','2013-08-15 15:18:16','752'),(3220,753,'Medio Provincial','C.E.N.S. N§ 113','RAWSON',4,'2013-08-15 15:18:16','2013-08-15 15:18:16','753'),(3221,754,'Medio Provincial','C.E.N.S. N§ 122','CDRO. RIVADAVIA',6,'2013-08-15 15:18:16','2013-08-15 15:18:16','754'),(3222,755,'Medio Provincial','C.E.N.S. N§ 143','CDRO. RIVADAVIA',6,'2013-08-15 15:18:16','2013-08-15 15:18:16','755'),(3223,756,'Medio Provincial','C.E.N.S. N§ S/N o 152','SARMIENTO',5,'2013-08-15 15:18:16','2013-08-15 15:18:16','756'),(3224,757,'Medio Provincial','PTE. HIPOLITO YRIGOYEN','CDRO. RIVADAVIA',6,'2013-08-15 15:18:16','2013-08-15 15:18:16','757'),(3225,758,'Medio Provincial','CENTRO POLIV. ARTE','ESQUEL',3,'2013-08-15 15:18:16','2013-08-15 15:18:16','758'),(3226,759,'Medio Provincial','CENTRO POLIV. ARTE FLORENCIO MOLINA CAMPOS','TRELEW',4,'2013-08-15 15:18:16','2013-08-15 15:18:16','759'),(3227,760,'Medio Provincial','GUARDACOSTAS RIO IGUAZU E.N.E.T. N§ 2','CDRO. RIVADAVIA',6,'2013-08-15 15:18:16','2013-08-15 15:18:16','760'),(3228,761,'Medio Provincial','C.E.N.S. N§ 227','GAIMAN',4,'2013-08-15 15:18:16','2013-08-15 15:18:16','761'),(3229,762,'Medio Provincial','DOCTOR RENE FAVALORO','TRELEW',4,'2013-08-15 15:18:16','2013-08-15 15:18:16','762'),(3230,763,'Medio Provincial','C.E.N.S. N§ 361','TRELEW',4,'2013-08-15 15:18:16','2013-08-15 15:18:16','763'),(3231,764,'Medio Provincial','C.E.N.S. N§ 362','CDRO. RIVADAVIA',6,'2013-08-15 15:18:16','2013-08-15 15:18:16','764'),(3232,765,'Medio Provincial','','LAGO PUELO',1,'2013-08-15 15:18:16','2013-08-15 15:18:16','765'),(3233,766,'Medio Provincial','PERITO MORENO','CDRO. RIVADAVIA',6,'2013-08-15 15:18:16','2013-08-15 15:18:16','766'),(3234,767,'Medio Provincial','Dr. JULIAN RIPA','ESQUEL',3,'2013-08-15 15:18:16','2013-08-15 15:18:16','767'),(3235,768,'Medio Provincial','','PTO. MADRYN',2,'2013-08-15 15:18:16','2013-08-15 15:18:16','768'),(3236,769,'Medio Provincial','CIUDAD DEL VIENTO','CDRO. RIVADAVIA',6,'2013-08-15 15:18:16','2013-08-15 15:18:16','769'),(3237,770,'Medio Provincial','','CDRO. RIVADAVIA',6,'2013-08-15 15:18:16','2013-08-15 15:18:16','770'),(3238,771,'Medio Provincial','','TRELEW',4,'2013-08-15 15:18:16','2013-08-15 15:18:16','771'),(3239,772,'Medio Provincial','','RAWSON',4,'2013-08-15 15:18:16','2013-08-15 15:18:16','772'),(3240,773,'Medio Provincial','','28 DE JULIO',4,'2013-08-15 15:18:17','2013-08-15 15:18:17','773'),(3241,774,'Medio Provincial','','EPUYEN',1,'2013-08-15 15:18:17','2013-08-15 15:18:17','774'),(3242,775,'Medio Provincial','','PTO. MADRYN',2,'2013-08-15 15:18:17','2013-08-15 15:18:17','775'),(3243,776,'Medio Provincial','','RAWSON',4,'2013-08-15 15:18:17','2013-08-15 15:18:17','776'),(3244,777,'Medio Provincial','','PASO DE INDIOS',4,'2013-08-15 15:18:17','2013-08-15 15:18:17','777'),(3245,778,'Medio Provincial','','TRELEW',4,'2013-08-15 15:18:17','2013-08-15 15:18:17','778'),(3246,779,'Medio Provincial','','CORCOVADO',3,'2013-08-15 15:18:17','2013-08-15 15:18:17','779'),(3247,780,'Medio Provincial','','GUALJAINA',3,'2013-08-15 15:18:17','2013-08-15 15:18:17','780'),(3248,781,'Medio Provincial','','DOLAVON',4,'2013-08-15 15:18:17','2013-08-15 15:18:17','781'),(3249,782,'','','TECKA',3,'2013-08-15 15:18:17','2013-08-15 15:18:17','782'),(3250,783,'','','RIO PICO',3,'2013-08-15 15:18:17','2013-08-15 15:18:17','783'),(3251,784,'','','TRELEW',4,'2013-08-15 15:18:17','2013-08-15 15:18:17','784'),(3252,785,'','','PTO. MADRYN',2,'2013-08-15 15:18:17','2013-08-15 15:18:17','785'),(3253,786,'','','PTO. MADRYN',2,'2013-08-15 15:18:17','2013-08-15 15:18:17','786'),(3254,787,'','','TRELEW',4,'2013-08-15 15:18:17','2013-08-15 15:18:17','787'),(3255,788,'','','LAGO PUELO',1,'2013-08-15 15:18:17','2013-08-15 15:18:17','788'),(3256,789,'','','PTO. MADRYN',2,'2013-08-15 15:18:17','2013-08-15 15:18:17','789'),(3257,790,'','','PTO. MADRYN',2,'2013-08-15 15:18:17','2013-08-15 15:18:17','790'),(3258,791,'','','ESQUEL',3,'2013-08-15 15:18:17','2013-08-15 15:18:17','791'),(3259,792,'','','TRELEW',4,'2013-08-15 15:18:17','2013-08-15 15:18:17','792'),(3260,793,'','','TRELEW',4,'2013-08-15 15:18:17','2013-08-15 15:18:17','793'),(3261,794,'','','GAIMAN',4,'2013-08-15 15:18:17','2013-08-15 15:18:17','794'),(3262,795,'','','RAWSON',4,'2013-08-15 15:18:17','2013-08-15 15:18:17','795'),(3263,796,'','','CDRO. RIVADAVIA',6,'2013-08-15 15:18:17','2013-08-15 15:18:17','796'),(3264,797,'','','CDRO. RIVADAVIA',6,'2013-08-15 15:18:17','2013-08-15 15:18:17','797'),(3265,798,'','','CDRO. RIVADAVIA',6,'2013-08-15 15:18:17','2013-08-15 15:18:17','798'),(3266,799,'','','CDRO. RIVADAVIA',6,'2013-08-15 15:18:17','2013-08-15 15:18:17','799'),(3267,801,'Superior Provincial','ESCUELA SUPERIOR DOCENTE','TRELEW',4,'2013-08-15 15:18:17','2013-08-15 15:18:17','801'),(3268,802,'Superior Provincial','ESCUELA SUPERIOR DOCENTE','CDRO. RIVADAVIA',6,'2013-08-15 15:18:18','2013-08-15 15:18:18','802'),(3269,803,'Superior Provincial','ESCUELA SUPERIOR DOCENTE','PTO. MADRYN',2,'2013-08-15 15:18:18','2013-08-15 15:18:18','803'),(3270,804,'Superior Provincial','ESCUELA SUPERIOR DOCENTE','ESQUEL',3,'2013-08-15 15:18:18','2013-08-15 15:18:18','804'),(3271,805,'Superior Provincial','ESCUELA SUP. DE MUSICA','TRELEW',4,'2013-08-15 15:18:18','2013-08-15 15:18:18','805'),(3272,806,'Superior Provincial','ESCUELA SUP. DE ARTE','CDRO. RIVADAVIA',6,'2013-08-15 15:18:18','2013-08-15 15:18:18','806'),(3273,807,'Superior Provincial','PERITO MORENO','CDRO. RIVADAVIA',6,'2013-08-15 15:18:18','2013-08-15 15:18:18','807'),(3274,808,'Superior Provincial','PEDRO Y MARIA CURIE','TRELEW',4,'2013-08-15 15:18:18','2013-08-15 15:18:18','808'),(3275,809,'Superior Provincial','REP. COSTA RICA','ESQUEL',3,'2013-08-15 15:18:18','2013-08-15 15:18:18','809'),(3276,810,'Superior Provincial','INST. EDUC.FISICA FIDEL MORENO','CDRO. RIVADAVIA',6,'2013-08-15 15:18:18','2013-08-15 15:18:18','810'),(3277,811,'Superior Provincial','COMISARIO GRAL. JUAN G. BOYD','RAWSON',4,'2013-08-15 15:18:18','2013-08-15 15:18:18','811'),(3278,812,'Superior Provincial','CeRET- INST. SUP. De EDU. TECN.','CDRO. RIVADAVIA',6,'2013-08-15 15:18:18','2013-08-15 15:18:18','812'),(3279,813,'','','LAGO PUELO',1,'2013-08-15 15:18:18','2013-08-15 15:18:18','813'),(3280,814,'','','LAGO PUELO',1,'2013-08-15 15:18:18','2013-08-15 15:18:18','814'),(3281,900,'Semipresencial','ESCUELA ABIERTA SEMIPRESENCIAL (PROYECTO EDUCACION Y TRABAJO)','RAWSON',4,'2013-08-15 15:18:18','2013-08-15 15:18:18','900'),(3282,901,'Semipresencial','','CORCOVADO',3,'2013-08-15 15:18:18','2013-08-15 15:18:18','901'),(3283,902,'Semipresencial','','EPUYEN',1,'2013-08-15 15:18:18','2013-08-15 15:18:18','902'),(3284,903,'Semipresencial','','TECKA',3,'2013-08-15 15:18:18','2013-08-15 15:18:18','903'),(3285,904,'Semipresencial','','CUSHAMEN',1,'2013-08-15 15:18:18','2013-08-15 15:18:18','904'),(3286,905,'Semipresencial','','GAN GAN',4,'2013-08-15 15:18:18','2013-08-15 15:18:18','905'),(3287,906,'Semipresencial','','GASTRE',4,'2013-08-15 15:18:18','2013-08-15 15:18:18','906'),(3288,907,'Semipresencial','','LAS PLUMAS',4,'2013-08-15 15:18:18','2013-08-15 15:18:18','907'),(3289,908,'Semipresencial','','TELSEN',4,'2013-08-15 15:18:18','2013-08-15 15:18:18','908'),(3290,909,'Semipresencial','','CHACAY OESTE',4,'2013-08-15 15:18:18','2013-08-15 15:18:18','909'),(3291,910,'Semipresencial','','LAGO ROSARIO',3,'2013-08-15 15:18:18','2013-08-15 15:18:18','910'),(3292,911,'Semipresencial','','PASO DEL SAPO',3,'2013-08-15 15:18:18','2013-08-15 15:18:18','911'),(3293,912,'Semipresencial','','BETHESDA',4,'2013-08-15 15:18:19','2013-08-15 15:18:19','912'),(3294,913,'Semipresencial','CERRADA','PASO DE INDIOS',4,'2013-08-15 15:18:19','2013-08-15 15:18:19','913'),(3295,914,'Semipresencial','','VILLA FUTALAUFQUEN',3,'2013-08-15 15:18:19','2013-08-15 15:18:19','914'),(3296,915,'Semipresencial','','CARRENLEUFU',3,'2013-08-15 15:18:19','2013-08-15 15:18:19','915'),(3297,916,'Semipresencial','','PUERTO PIRAMIDE',2,'2013-08-15 15:18:19','2013-08-15 15:18:19','916'),(3298,917,'Semipresencial','','YALA LAUBAT',4,'2013-08-15 15:18:19','2013-08-15 15:18:19','917'),(3299,918,'Semipresencial','','DR. RICARDO ROJAS',5,'2013-08-15 15:18:19','2013-08-15 15:18:19','918'),(3300,919,'Semipresencial','','LAGUNITA SALADA',4,'2013-08-15 15:18:19','2013-08-15 15:18:19','919'),(3301,920,'Semipresencial','','RIO PICO',3,'2013-08-15 15:18:19','2013-08-15 15:18:19','920'),(3302,921,'Semipresencial','','GUALJAINA',3,'2013-08-15 15:18:19','2013-08-15 15:18:19','921'),(3303,922,'Semipresencial','','LAGO BLANCO',5,'2013-08-15 15:18:19','2013-08-15 15:18:19','922'),(3304,923,'Semipresencial','','RIO PERCY',3,'2013-08-15 15:18:19','2013-08-15 15:18:19','923'),(3305,924,'Semipresencial','','SIERRA COLORADA',3,'2013-08-15 15:18:19','2013-08-15 15:18:19','924'),(3306,925,'Semipresencial','','FACUNDO',5,'2013-08-15 15:18:19','2013-08-15 15:18:19','925'),(3307,926,'Semipresencial','','ALDEA APELEG',5,'2013-08-15 15:18:19','2013-08-15 15:18:19','926'),(3308,927,'','','FLORENTINO AMEGHINO',4,'2013-08-15 15:18:19','2013-08-15 15:18:19','927'),(3309,928,'','','CERRO CENTINELA',3,'2013-08-15 15:18:19','2013-08-15 15:18:19','928'),(3310,930,'','','',NULL,'2013-08-15 15:18:19','2013-08-15 15:18:19','930'),(3311,938,'','','',NULL,'2013-08-15 15:18:19','2013-08-15 15:18:19','938'),(3312,939,'','','',NULL,'2013-08-15 15:18:19','2013-08-15 15:18:19','939'),(3313,940,'','','',NULL,'2013-08-15 15:18:19','2013-08-15 15:18:19','940'),(3314,941,'','','',NULL,'2013-08-15 15:18:19','2013-08-15 15:18:19','941'),(3315,956,'','','',NULL,'2013-08-15 15:18:19','2013-08-15 15:18:19','956'),(3316,957,'','','',NULL,'2013-08-15 15:18:19','2013-08-15 15:18:19','957'),(3317,958,'','','',NULL,'2013-08-15 15:18:19','2013-08-15 15:18:19','958'),(3318,960,'','','',NULL,'2013-08-15 15:18:19','2013-08-15 15:18:19','960'),(3319,961,'','','',NULL,'2013-08-15 15:18:19','2013-08-15 15:18:19','961'),(3320,962,'','','',NULL,'2013-08-15 15:18:19','2013-08-15 15:18:19','962'),(3321,963,'','','',NULL,'2013-08-15 15:18:19','2013-08-15 15:18:19','963'),(3322,964,'','','',NULL,'2013-08-15 15:18:19','2013-08-15 15:18:19','964'),(3323,1001,'Inicial Privado','MARIA AUXILIADORA','RAWSON',4,'2013-08-15 15:18:19','2013-08-15 15:18:19','1001'),(3324,1002,'Inicial Privado','DON BOSCO','RAWSON',4,'2013-08-15 15:18:20','2013-08-15 15:18:20','1002'),(3325,1003,'Inicial Privado','MARIA AUXILIADORA','TRELEW',4,'2013-08-15 15:18:20','2013-08-15 15:18:20','1003'),(3326,1004,'Inicial Privado','JUAN MUZIO','TRELEW',4,'2013-08-15 15:18:20','2013-08-15 15:18:20','1004'),(3327,1005,'EGB 1, 2 y 3 Privado','DEAN FUNES','CDRO. RIVADAVIA',6,'2013-08-15 15:18:20','2013-08-15 15:18:20','1005'),(3328,1006,'EGB 1, 2 y 3 Privado','DOMINGO SAVIO','CDRO. RIVADAVIA',6,'2013-08-15 15:18:20','2013-08-15 15:18:20','1006'),(3329,1007,'Inicial Privado','SAN LUIS GONZAGA','ESQUEL',3,'2013-08-15 15:18:20','2013-08-15 15:18:20','1007'),(3330,1008,'EGB 1, 2 y 3 Privado','ABRAHAM LINCOLN','CDRO. RIVADAVIA',6,'2013-08-15 15:18:20','2013-08-15 15:18:20','1008'),(3331,1009,'EGB 1, 2 y 3 Privado','MARIA AUXILIADORA','CDRO. RIVADAVIA',6,'2013-08-15 15:18:20','2013-08-15 15:18:20','1009'),(3332,1010,'EGB 1, 2 y 3 Privado','JUAN XXIII','CDRO. RIVADAVIA',6,'2013-08-15 15:18:20','2013-08-15 15:18:20','1010'),(3333,1011,'EGB 1, 2 y 3 Privado','CEFERINO NAMUNCURA','CDRO. RIVADAVIA',6,'2013-08-15 15:18:20','2013-08-15 15:18:20','1011'),(3334,1012,'Inicial Privado','NICOLAS AVELLANEDA','TRELEW',4,'2013-08-15 15:18:20','2013-08-15 15:18:20','1012'),(3335,1013,'Inicial Privado','ESC.NUEVA (FUNDEN)','TRELEW',4,'2013-08-15 15:18:20','2013-08-15 15:18:20','1013'),(3336,1014,'Inicial Privado','NUEVA LEON (DADA DE BAJA)','TRELEW',4,'2013-08-15 15:18:20','2013-08-15 15:18:20','1014'),(3337,1015,'Inicial Privado','FRANCISCO RAMOS MEJIA','CDRO. RIVADAVIA',6,'2013-08-15 15:18:20','2013-08-15 15:18:20','1015'),(3338,1016,'EGB 1, 2 y 3 Privado','INST. ARGENTINO-GERMANA (Cerrada Res. 300-00)','CDRO. RIVADAVIA',6,'2013-08-15 15:18:20','2013-08-15 15:18:20','1016'),(3339,1017,'EGB 1, 2 y 3 Privado','INST.AUSTRAL','CDRO. RIVADAVIA',6,'2013-08-15 15:18:20','2013-08-15 15:18:20','1017'),(3340,1018,'EGB 1, 2 y 3 Privado','INST.MARTIN RIVADAVIA','CDRO. RIVADAVIA',6,'2013-08-15 15:18:20','2013-08-15 15:18:20','1018'),(3341,1019,'EGB 1, 2 y 3 Privado','MARIANO MORENO','CDRO. RIVADAVIA',6,'2013-08-15 15:18:20','2013-08-15 15:18:20','1019'),(3342,1020,'Inicial Privado','ESCUELA DE LA COSTA','PTO. MADRYN',2,'2013-08-15 15:18:20','2013-08-15 15:18:20','1020'),(3343,1021,'EGB 1, 2 y 3 Privado','ESC.DEL SOL','CDRO. RIVADAVIA',6,'2013-08-15 15:18:20','2013-08-15 15:18:20','1021'),(3344,1022,'Inicial Privado','ARCO IRIS','ESQUEL',3,'2013-08-15 15:18:20','2013-08-15 15:18:20','1022'),(3345,1023,'Inicial Privado','COLEGIO CERVANTES','CDRO. RIVADAVIA',6,'2013-08-15 15:18:20','2013-08-15 15:18:20','1023'),(3346,1024,'EGB 1, 2 y 3 Privado','SAN JUAN BOSCO','CDRO. RIVADAVIA',6,'2013-08-15 15:18:20','2013-08-15 15:18:20','1024'),(3347,1025,'Inicial Privado','BILINGUE PUERTA DEL SOL','TREVELIN',3,'2013-08-15 15:18:20','2013-08-15 15:18:20','1025'),(3348,1026,'Inicial Privado','MUTUALISTA A.M.S.E.','PTO. MADRYN',2,'2013-08-15 15:18:20','2013-08-15 15:18:20','1026'),(3349,1027,'Inicial Privado','INST.LAGOS DEL SUR (CERRADA)','ESQUEL',3,'2013-08-15 15:18:21','2013-08-15 15:18:21','1027'),(3350,1028,'','','TRELEW',4,'2013-08-15 15:18:21','2013-08-15 15:18:21','1028'),(3351,1030,'','','ESQUEL',3,'2013-08-15 15:18:21','2013-08-15 15:18:21','1030'),(3352,1401,'Inicial Privado','EL CASTILLITO (CERRADA)','TRELEW',4,'2013-08-15 15:18:21','2013-08-15 15:18:21','1401'),(3353,1402,'Inicial Privado','KINDERGARDEN (CERRADA)','TRELEW',4,'2013-08-15 15:18:21','2013-08-15 15:18:21','1402'),(3354,1403,'Inicial Privado','ABRACADABRA','CDRO. RIVADAVIA',6,'2013-08-15 15:18:21','2013-08-15 15:18:21','1403'),(3355,1404,'Inicial Privado','CHIQUILANDIA','CDRO. RIVADAVIA',6,'2013-08-15 15:18:21','2013-08-15 15:18:21','1404'),(3356,1405,'Inicial Privado','DAILAN KIFKI','CDRO. RIVADAVIA',6,'2013-08-15 15:18:21','2013-08-15 15:18:21','1405'),(3357,1406,'Inicial Privado','PRINCIPITO','CDRO. RIVADAVIA',6,'2013-08-15 15:18:21','2013-08-15 15:18:21','1406'),(3358,1407,'Inicial Privado','REINO DEL REVES (CERRADA)','CDRO. RIVADAVIA',6,'2013-08-15 15:18:21','2013-08-15 15:18:21','1407'),(3359,1408,'Inicial Privado','ESC. MARTIN RIVADAVIA','CDRO. RIVADAVIA',6,'2013-08-15 15:18:21','2013-08-15 15:18:21','1408'),(3360,1409,'Inicial Privado','LOS ENANITOS','CDRO. RIVADAVIA',6,'2013-08-15 15:18:21','2013-08-15 15:18:21','1409'),(3361,1410,'Inicial Privado','mi jardin ( CERRADA)','CDRO. RIVADAVIA',6,'2013-08-15 15:18:21','2013-08-15 15:18:21','1410'),(3362,1411,'Inicial Privado','MISIA PEPA','CDRO. RIVADAVIA',6,'2013-08-15 15:18:21','2013-08-15 15:18:21','1411'),(3363,1412,'Inicial Privado','MONIGOTE','CDRO. RIVADAVIA',6,'2013-08-15 15:18:21','2013-08-15 15:18:21','1412'),(3364,1413,'Inicial Privado','NARICITAS','CDRO. RIVADAVIA',6,'2013-08-15 15:18:21','2013-08-15 15:18:21','1413'),(3365,1414,'Inicial Privado','PEPIN CASCARON (CERRADA)','CDRO. RIVADAVIA',6,'2013-08-15 15:18:21','2013-08-15 15:18:21','1414'),(3366,1415,'Inicial Privado','pisa pisuela (CERRADA)','CDRO. RIVADAVIA',6,'2013-08-15 15:18:21','2013-08-15 15:18:21','1415'),(3367,1416,'Inicial Privado','UPALALA (CERRADA)','CDRO. RIVADAVIA',6,'2013-08-15 15:18:21','2013-08-15 15:18:21','1416'),(3368,1417,'Inicial Privado','la pata cata ( CERRADA)','CDRO. RIVADAVIA',6,'2013-08-15 15:18:21','2013-08-15 15:18:21','1417'),(3369,1418,'Inicial Privado','bichito de luz (CERRADA)','TRELEW',4,'2013-08-15 15:18:21','2013-08-15 15:18:21','1418'),(3370,1419,'Inicial Privado','patatin patatero (CERRADA)','TRELEW',4,'2013-08-15 15:18:21','2013-08-15 15:18:21','1419'),(3371,1420,'Inicial Privado','EL NOGAL','TRELEW',4,'2013-08-15 15:18:21','2013-08-15 15:18:21','1420'),(3372,1421,'Inicial Privado','JARDIN DEL SOL','TRELEW',4,'2013-08-15 15:18:21','2013-08-15 15:18:21','1421'),(3373,1422,'Inicial Privado','MURMULLOS','TRELEW',4,'2013-08-15 15:18:21','2013-08-15 15:18:21','1422'),(3374,1423,'Inicial Privado','MARTIN PESCADOR (CERRADA)','TRELEW',4,'2013-08-15 15:18:22','2013-08-15 15:18:22','1423'),(3375,1424,'Inicial Privado','MATERNAL ATECH','TRELEW',4,'2013-08-15 15:18:22','2013-08-15 15:18:22','1424'),(3376,1425,'Inicial Privado','SELLITOS (AMEP) (CERRADA)','TRELEW',4,'2013-08-15 15:18:22','2013-08-15 15:18:22','1425'),(3377,1426,'Inicial Privado','SELLITOS (AMEP) (CERRADA)','RAWSON',4,'2013-08-15 15:18:22','2013-08-15 15:18:22','1426'),(3378,1427,'Inicial Privado','DISNEY','RAWSON',4,'2013-08-15 15:18:22','2013-08-15 15:18:22','1427'),(3379,1428,'Inicial Privado','peren pelpudo (CERRADA)','RAWSON',4,'2013-08-15 15:18:22','2013-08-15 15:18:22','1428'),(3380,1429,'Inicial Privado','bichito de luz (CERRADA)','PTO. MADRYN',2,'2013-08-15 15:18:22','2013-08-15 15:18:22','1429'),(3381,1430,'Inicial Privado','EL JARDIN DE FRUTILLITAS','PTO. MADRYN',2,'2013-08-15 15:18:22','2013-08-15 15:18:22','1430'),(3382,1431,'Inicial Privado','el rinc¢n de los ni¤os (CERRADA)','PTO. MADRYN',2,'2013-08-15 15:18:22','2013-08-15 15:18:22','1431'),(3383,1432,'Inicial Privado','estrellitas (CERRADA)','PTO. MADRYN',2,'2013-08-15 15:18:22','2013-08-15 15:18:22','1432'),(3384,1433,'Inicial Privado','LAS CASITAS','PTO. MADRYN',2,'2013-08-15 15:18:22','2013-08-15 15:18:22','1433'),(3385,1434,'Inicial Privado','EL PINGUINO','PTO. MADRYN',2,'2013-08-15 15:18:22','2013-08-15 15:18:22','1434'),(3386,1435,'Inicial Privado','RAYITO DE SOL','PTO. MADRYN',2,'2013-08-15 15:18:22','2013-08-15 15:18:22','1435'),(3387,1436,'Inicial Privado','YENUA AIKEN (CERRADA)','PTO. MADRYN',2,'2013-08-15 15:18:22','2013-08-15 15:18:22','1436'),(3388,1437,'Inicial Privado','FRUTILLITAS','ESQUEL',3,'2013-08-15 15:18:22','2013-08-15 15:18:22','1437'),(3389,1438,'Inicial Privado','MONIGOTES (CERRADA)','ESQUEL',3,'2013-08-15 15:18:22','2013-08-15 15:18:22','1438'),(3390,1439,'Inicial Privado','MATERNAL ATECH CHISPITAS','ESQUEL',3,'2013-08-15 15:18:22','2013-08-15 15:18:22','1439'),(3391,1440,'Inicial Privado','NIDITOS','TRELEW',4,'2013-08-15 15:18:22','2013-08-15 15:18:22','1440'),(3392,1441,'Inicial Privado','PISA PISUELA COLOR DE CIRUELA','PTO. MADRYN',2,'2013-08-15 15:18:22','2013-08-15 15:18:22','1441'),(3393,1442,'Inicial Privado','DIBUJUEGOS','CDRO. RIVADAVIA',6,'2013-08-15 15:18:22','2013-08-15 15:18:22','1442'),(3394,1443,'Inicial Privado','TINKE-TINKE (CERRADA- RESOL.412/97)','RADA TILLY',6,'2013-08-15 15:18:22','2013-08-15 15:18:22','1443'),(3395,1444,'Inicial Privado','LUDOTECA DEL CERRO (resol. en tr mite)','cdro. rivadavia',6,'2013-08-15 15:18:22','2013-08-15 15:18:22','1444'),(3396,1445,'Inicial Privado','EL JARDIN DE MAFALDA','CDRO. RIVADAVIA',6,'2013-08-15 15:18:22','2013-08-15 15:18:22','1445'),(3397,1446,'Inicial Privado','JARDIN MATERNAL BAMBI - DASU -','CDRO. RIVADAVIA',6,'2013-08-15 15:18:22','2013-08-15 15:18:22','1446'),(3398,1447,'Inicial Privado','CRE-SER','PTO. MADRYN',2,'2013-08-15 15:18:23','2013-08-15 15:18:23','1447'),(3399,1448,'Inicial Privado','JARD.MAT. Y JARD.INF.JEFATURA DE POLICIA RAWSON (RES.EN TRAMITE)','RAWSON',4,'2013-08-15 15:18:23','2013-08-15 15:18:23','1448'),(3400,1449,'Inicial Privado','LA ESTANCIA DEL SOL','RAWSON',4,'2013-08-15 15:18:23','2013-08-15 15:18:23','1449'),(3401,1450,'Inicial Privado','LOS GIRASOLES (CERRADA)','RADA TILLY',6,'2013-08-15 15:18:23','2013-08-15 15:18:23','1450'),(3402,1451,'Inicial Privado','JARDIN TRENCITOS DE COLORES','PTO. MADRYN',2,'2013-08-15 15:18:23','2013-08-15 15:18:23','1451'),(3403,1452,'Inicial Privado','JARDIN WINNIE POOH','TRELEW',4,'2013-08-15 15:18:23','2013-08-15 15:18:23','1452'),(3404,1453,'Inicial Privado','JARDIN HUELLITAS','PTO. MADRYN',2,'2013-08-15 15:18:23','2013-08-15 15:18:23','1453'),(3405,1455,'','','CDRO. RIVADAVIA',6,'2013-08-15 15:18:23','2013-08-15 15:18:23','1455'),(3406,1460,'','','GAIMAN',4,'2013-08-15 15:18:23','2013-08-15 15:18:23','1460'),(3407,1461,'','','TRELEW',4,'2013-08-15 15:18:23','2013-08-15 15:18:23','1461'),(3408,1462,'','','RAWSON',4,'2013-08-15 15:18:23','2013-08-15 15:18:23','1462'),(3409,1463,'','','TRELEW',4,'2013-08-15 15:18:23','2013-08-15 15:18:23','1463'),(3410,1501,'Especial Privado','COMIENZOS','RAWSON',4,'2013-08-15 15:18:23','2013-08-15 15:18:23','1501'),(3411,1502,'Especial Privado','SOL CENTRO EDUCATIVO TERAPEUTICO','CDRO. RIVADAVIA',6,'2013-08-15 15:18:23','2013-08-15 15:18:23','1502'),(3412,1601,'Primario Adultos Privado','DOMINGO SAVIO (CERRADA)','CDRO. RIVADAVIA',6,'2013-08-15 15:18:23','2013-08-15 15:18:23','1601'),(3413,1650,'ND','ESC.FORM.LAB. SAN JOSE OBRERO','CDRO. RIVADAVIA',6,'2013-08-15 15:18:23','2013-08-15 15:18:23','1650'),(3414,1656,'','','TRELEW',4,'2013-08-15 15:18:23','2013-08-15 15:18:23','1656'),(3415,1657,'','','CDRO. RIVADAVIA',6,'2013-08-15 15:18:23','2013-08-15 15:18:23','1657'),(3416,1659,'','','TRELEW',4,'2013-08-15 15:18:23','2013-08-15 15:18:23','1659'),(3417,1660,'','','PTO. MADRYN',2,'2013-08-15 15:18:23','2013-08-15 15:18:23','1660'),(3418,1661,'','','TRELEW',4,'2013-08-15 15:18:23','2013-08-15 15:18:23','1661'),(3419,1701,'Medio Privado','MARIA AUXILIADORA','CDRO. RIVADAVIA',6,'2013-08-15 15:18:23','2013-08-15 15:18:23','1701'),(3420,1702,'Medio Privado','DON BOSCO','RAWSON',4,'2013-08-15 15:18:23','2013-08-15 15:18:23','1702'),(3421,1703,'Medio Privado','MARIA AUXILIADORA','TRELEW',4,'2013-08-15 15:18:23','2013-08-15 15:18:23','1703'),(3422,1704,'Medio Privado','JUAN MUZIO','TRELEW',4,'2013-08-15 15:18:23','2013-08-15 15:18:23','1704'),(3423,1705,'Medio Privado','DEAN FUNES','CDRO. RIVADAVIA',6,'2013-08-15 15:18:23','2013-08-15 15:18:23','1705'),(3424,1706,'Medio Privado','DOMINGO SAVIO','CDRO. RIVADAVIA',6,'2013-08-15 15:18:24','2013-08-15 15:18:24','1706'),(3425,1707,'Medio Privado','DOMINGO SAVIO','CDRO. RIVADAVIA',6,'2013-08-15 15:18:24','2013-08-15 15:18:24','1707'),(3426,1708,'Medio Privado','GOBERNADOR FONTANA','SARMIENTO',5,'2013-08-15 15:18:24','2013-08-15 15:18:24','1708'),(3427,1709,'Medio Privado','F.A.U. COL. SECUN. PTO.MADRYN','PTO. MADRYN',2,'2013-08-15 15:18:24','2013-08-15 15:18:24','1709'),(3428,1710,'Medio Privado','INST.LEONARDO DA VINCI','CDRO. RIVADAVIA',6,'2013-08-15 15:18:24','2013-08-15 15:18:24','1710'),(3429,1711,'Medio Privado','INST.AUSTRAL','CDRO. RIVADAVIA',6,'2013-08-15 15:18:24','2013-08-15 15:18:24','1711'),(3430,1712,'Medio Privado','WILLIAM C. MORRIS','DOLAVON',4,'2013-08-15 15:18:24','2013-08-15 15:18:24','1712'),(3431,1713,'Medio Privado','SAN LUIS GONZAGA','ESQUEL',3,'2013-08-15 15:18:24','2013-08-15 15:18:24','1713'),(3432,1714,'Medio Privado','CAMWY','GAIMAN',4,'2013-08-15 15:18:24','2013-08-15 15:18:24','1714'),(3433,1715,'Medio Privado','ESCUELA NUEVA','TRELEW',4,'2013-08-15 15:18:24','2013-08-15 15:18:24','1715'),(3434,1716,'Medio Privado','INST.ADVENTISTA (cerrada- resol. Nø 48/99)','TRELEW',4,'2013-08-15 15:18:24','2013-08-15 15:18:24','1716'),(3435,1717,'Medio Privado','COLEGIO CERVANTES','CDRO. RIVADAVIA',6,'2013-08-15 15:18:24','2013-08-15 15:18:24','1717'),(3436,1718,'Medio Privado','INST.MARTIN RIVADAVIA','CDRO. RIVADAVIA',6,'2013-08-15 15:18:24','2013-08-15 15:18:24','1718'),(3437,1719,'Medio Privado','ARCO IRIS','ESQUEL',3,'2013-08-15 15:18:24','2013-08-15 15:18:24','1719'),(3438,1720,'Medio Privado','ESCUELA DE LA COSTA','PTO. MADRYN',2,'2013-08-15 15:18:24','2013-08-15 15:18:24','1720'),(3439,1721,'Medio Privado','INST. ARGENTINO-GERMANA (Cerrada Res.300-00)','CDRO. RIVADAVIA',6,'2013-08-15 15:18:24','2013-08-15 15:18:24','1721'),(3440,1722,'Medio Privado','ABRAHAM LINCOLN','CDRO. RIVADAVIA',6,'2013-08-15 15:18:24','2013-08-15 15:18:24','1722'),(3441,1723,'Medio Privado','PUERTA DEL SOL','TREVELIN',3,'2013-08-15 15:18:24','2013-08-15 15:18:24','1723'),(3442,1724,'Medio Privado','COLEGIO ALIWEN','GAIMAN',4,'2013-08-15 15:18:24','2013-08-15 15:18:24','1724'),(3443,1726,'','','CDRO. RIVADAVIA',6,'2013-08-15 15:18:24','2013-08-15 15:18:24','1726'),(3444,1728,'','','CHOLILA',1,'2013-08-15 15:18:24','2013-08-15 15:18:24','1728'),(3445,1729,'','ESCUELA MUTUALISTA AMSE','PTO. MADRYN',2,'2013-08-15 15:18:24','2013-08-15 15:18:24','1729'),(3446,1733,'','','CDRO. RIVADAVIA',6,'2013-08-15 15:18:24','2013-08-15 15:18:24','1733'),(3447,1734,'','','ESQUEL',3,'2013-08-15 15:18:24','2013-08-15 15:18:24','1734'),(3448,1801,'Superior Privado','MARIA AUXILIADORA','CDRO. RIVADAVIA',6,'2013-08-15 15:18:24','2013-08-15 15:18:24','1801'),(3449,1802,'Superior Privado','PATAG.DEL PROF. DE INGLES','TRELEW',4,'2013-08-15 15:18:24','2013-08-15 15:18:24','1802'),(3450,1803,'Superior Privado','CENTRO DE ESTUDIOS TRELEW','TRELEW',4,'2013-08-15 15:18:25','2013-08-15 15:18:25','1803'),(3451,1804,'Superior Privado','INST.LAGOS DEL SUR (CERRADA)','ESQUEL',3,'2013-08-15 15:18:25','2013-08-15 15:18:25','1804'),(3452,1805,'Superior Privado','ISIS INST. SUP ORIE. EN COMPUTACION','CDRO. RIVADAVIA',6,'2013-08-15 15:18:25','2013-08-15 15:18:25','1805'),(3453,1806,'Superior Privado','COMODORO ENGLISH LENGUAJE INSTITUTE','CDRO. RIVADAVIA',6,'2013-08-15 15:18:25','2013-08-15 15:18:25','1806'),(3454,1807,'Superior Privado','ESCUELA DE NEGOCIOS DE COMODORO RIVADAVIA','CDRO. RIVADAVIA',6,'2013-08-15 15:18:25','2013-08-15 15:18:25','1807'),(3455,1808,'Superior Privado','I.D.E.S.(Trelew)','TRELEW',4,'2013-08-15 15:18:25','2013-08-15 15:18:25','1808'),(3456,1809,'Superior Privado','I.D.E.S.(Cdro. Rivadavia) (CERRADA)','CDRO. RIVADAVIA',6,'2013-08-15 15:18:25','2013-08-15 15:18:25','1809'),(3457,1810,'Superior Privado','ESC. DE PETROLEO DE LA PATAGONIA','CDRO. RIVADAVIA',6,'2013-08-15 15:18:25','2013-08-15 15:18:25','1810'),(3458,1811,'Superior Privado','I.S.P.E.R.','RAWSON',4,'2013-08-15 15:18:25','2013-08-15 15:18:25','1811'),(3459,1812,'Superior Privado','IPADE - INSTITUTO PATAGONICO DE DESARROLLO EMPRESARIAL','PTO. MADRYN',2,'2013-08-15 15:18:25','2013-08-15 15:18:25','1812'),(3460,1813,'Superior Privado','ITECH (CERRADA)','ESQUEL',3,'2013-08-15 15:18:25','2013-08-15 15:18:25','1813'),(3461,1814,'Superior Privado','INSTITUTO SUPERIOR DE MECANICA DENTAL','TRELEW',4,'2013-08-15 15:18:25','2013-08-15 15:18:25','1814'),(3462,1815,'Superior Privado','INSTITUTO SUPERIOR DE GASTRONOMIA Y HOTELERIA DE LA PATAGONIA','CDRO. RIVADAVIA',6,'2013-08-15 15:18:25','2013-08-15 15:18:25','1815'),(3463,1820,'','','CDRO. RIVADAVIA',6,'2013-08-15 15:18:25','2013-08-15 15:18:25','1820'),(3464,1821,'','','CDRO. RIVADAVIA',6,'2013-08-15 15:18:25','2013-08-15 15:18:25','1821'),(3465,2001,'EGB 1, 2 y 3 Municipal','CELINA BAZAN DE PADILLA','PTO. MADRYN',2,'2013-08-15 15:18:25','2013-08-15 15:18:25','2001'),(3466,2002,'EGB 1, 2 y 3 Municipal','DANIEL BUSTAMANTE','PTO. MADRYN',2,'2013-08-15 15:18:25','2013-08-15 15:18:25','2002'),(3467,2003,'EGB 1, 2 y 3 Municipal','VICTOR MORON','PTO. MADRYN',2,'2013-08-15 15:18:25','2013-08-15 15:18:25','2003'),(3468,2004,'Inicial Municipal','EL MOLINO','TREVELIN',3,'2013-08-15 15:18:25','2013-08-15 15:18:25','2004'),(3469,2005,'Inicial Municipal','EXPERIMENTAL N§ 1','ESQUEL',3,'2013-08-15 15:18:25','2013-08-15 15:18:25','2005'),(3470,2401,'Inicial Municipal','PIEDRA LIBRE','PTO. MADRYN',2,'2013-08-15 15:18:25','2013-08-15 15:18:25','2401'),(3471,2402,'Inicial Municipal','CEFERINO NAMUNCURA CERRADA POR FUSION 455','ESQUEL',3,'2013-08-15 15:18:25','2013-08-15 15:18:25','2402'),(3472,2403,'Inicial Municipal','MATERNALES BARRIALES','ESQUEL',3,'2013-08-15 15:18:25','2013-08-15 15:18:25','2403'),(3473,2404,'Inicial Municipal','MATERNALES BARRIALES','RAWSON',4,'2013-08-15 15:18:25','2013-08-15 15:18:25','2404'),(3474,2405,'Inicial Municipal','ESC. MUNICIP. DE NIVEL INICIAL','PTO. MADRYN',2,'2013-08-15 15:18:26','2013-08-15 15:18:26','2405'),(3475,2406,'Inicial Municipal','ESC. MUNICIP. DE NIVEL INICIAL','PTO. MADRYN',2,'2013-08-15 15:18:26','2013-08-15 15:18:26','2406'),(3476,2407,'Inicial Municipal','ESC. MUNICIP. DE NIVEL INICIAL','PTO. MADRYN',2,'2013-08-15 15:18:26','2013-08-15 15:18:26','2407'),(3477,2408,'Inicial Municipal','ESC. MUNICIP. DE NIVEL INICIAL','PTO. MADRYN',2,'2013-08-15 15:18:26','2013-08-15 15:18:26','2408'),(3478,2409,'Inicial Municipal','JARDINES MATERNALES MUNICIPALES','CDRO. RIVADAVIA',6,'2013-08-15 15:18:26','2013-08-15 15:18:26','2409'),(3479,2410,'Inicial Municipal','JARDIN MATERNAL MUNICIPAL','SARMIENTO',5,'2013-08-15 15:18:26','2013-08-15 15:18:26','2410'),(3480,2411,'Inicial Municipal','JARDIN MATERNAL MUNICIPAL CRECIENDO JUNTOS','RAWSON',4,'2013-08-15 15:18:26','2013-08-15 15:18:26','2411'),(3481,2412,'Inicial Municipal','JARD. MAT. Y DE INF. MUNIC. ESTRELLITA DE MAR','RAWSON',4,'2013-08-15 15:18:26','2013-08-15 15:18:26','2412'),(3482,2413,'Inicial Municipal','','RIO MAYO',5,'2013-08-15 15:18:26','2013-08-15 15:18:26','2413'),(3483,2414,'','','ESQUEL',3,'2013-08-15 15:18:26','2013-08-15 15:18:26','2414'),(3484,2415,'','','TRELEW',4,'2013-08-15 15:18:26','2013-08-15 15:18:26','2415'),(3485,2416,'','','CHOLILA',1,'2013-08-15 15:18:26','2013-08-15 15:18:26','2416'),(3486,2417,'','','EPUYEN',1,'2013-08-15 15:18:26','2013-08-15 15:18:26','2417'),(3487,2418,'','','TREVELIN',3,'2013-08-15 15:18:26','2013-08-15 15:18:26','2418'),(3488,2701,'Medio Municipal','E.M.A.L.','PTO. MADRYN',2,'2013-08-15 15:18:26','2013-08-15 15:18:26','2701'),(3489,2702,'Medio Municipal','E.M.A.L.','RAWSON',4,'2013-08-15 15:18:26','2013-08-15 15:18:26','2702'),(3490,3000,'ND','Hs. Cátedra Nivel Polimodal en Sede','RAWSON',4,'2013-08-15 15:18:26','2013-08-15 15:18:26','3000'),(3491,3001,'ND','Supervisión Región I','LAS GOLONDRINAS',1,'2013-08-15 15:18:26','2013-08-15 15:18:26','3001'),(3492,3002,'ND','Supervisión Región II','PTO. MADRYN',2,'2013-08-15 15:18:26','2013-08-15 15:18:26','3002'),(3493,3003,'ND','Supervisión Región III','ESQUEL',3,'2013-08-15 15:18:26','2013-08-15 15:18:26','3003'),(3494,3004,'ND','Supervisión Región IV','TRELEW',4,'2013-08-15 15:18:26','2013-08-15 15:18:26','3004'),(3495,3005,'ND','Supervisión Región V','SARMIENTO',5,'2013-08-15 15:18:26','2013-08-15 15:18:26','3005'),(3496,3006,'ND','Supervisión Región VI','CDRO. RIVADAVIA',6,'2013-08-15 15:18:26','2013-08-15 15:18:26','3006'),(3497,3007,'ND','Del. Administrativa Reg. II - Puerto Madryn','PTO. MADRYN',2,'2013-08-15 15:18:26','2013-08-15 15:18:26','3007'),(3498,3008,'ND','Del. Administrativa Reg. VI - Comodoro Rivadavia','CDRO. RIVADAVIA',6,'2013-08-15 15:18:26','2013-08-15 15:18:26','3008'),(3499,3009,'ND','Del. Administrativa Reg. IV - Trelew','TRELEW',4,'2013-08-15 15:18:26','2013-08-15 15:18:26','3009'),(3500,3010,'ND','Del. Administrativa Reg. III - Esquel','ESQUEL',3,'2013-08-15 15:18:27','2013-08-15 15:18:27','3010'),(3501,3011,'ND','Del. Administrativa Reg. V - Sarmiento','SARMIENTO',5,'2013-08-15 15:18:27','2013-08-15 15:18:27','3011'),(3502,3012,'ND','Del. Administrativa Reg. I - Las Golondrinas','LAS GOLONDRINAS',1,'2013-08-15 15:18:27','2013-08-15 15:18:27','3012'),(3503,3013,'','','',NULL,'2013-08-15 15:18:27','2013-08-15 15:18:27','3013'),(3504,3014,'','','',NULL,'2013-08-15 15:18:27','2013-08-15 15:18:27','3014'),(3505,3015,'','','',NULL,'2013-08-15 15:18:27','2013-08-15 15:18:27','3015'),(3506,3016,'','','',NULL,'2013-08-15 15:18:27','2013-08-15 15:18:27','3016'),(3507,3017,'','','',NULL,'2013-08-15 15:18:27','2013-08-15 15:18:27','3017'),(3508,3018,'','CASA ESTUDIANTIL','ESQUEL',3,'2013-08-15 15:18:27','2013-08-15 15:18:27','3018'),(3509,3019,'','CASA ESTUDIANTIL','SARMIENTO',5,'2013-08-15 15:18:27','2013-08-15 15:18:27','3019'),(3510,3020,'ND','Casa del Chubut en Bs. As.','CIUDAD AUT. DE BS. AS.',0,'2013-08-15 15:18:27','2013-08-15 15:18:27','3020'),(3511,3021,'','CENTRO EDUCACION FISICA Nro. 26','TRELEW',4,'2013-08-15 15:18:27','2013-08-15 15:18:27','3021'),(3512,3023,'','','ESQUEL',3,'2013-08-15 15:18:27','2013-08-15 15:18:27','3023'),(3513,3024,'','','TELSEN',4,'2013-08-15 15:18:27','2013-08-15 15:18:27','3024'),(3514,3025,'','','',NULL,'2013-08-15 15:18:27','2013-08-15 15:18:27','3025'),(3515,3026,'','','TRELEW',4,'2013-08-15 15:18:27','2013-08-15 15:18:27','3026'),(3516,3027,'','','CDRO. RIVADAVIA',6,'2013-08-15 15:18:27','2013-08-15 15:18:27','3027'),(3517,3028,'','','',NULL,'2013-08-15 15:18:27','2013-08-15 15:18:27','3028'),(3518,3029,'','','CDRO. RIVADAVIA',6,'2013-08-15 15:18:27','2013-08-15 15:18:27','3029'),(3519,3030,'','','ESQUEL',3,'2013-08-15 15:18:27','2013-08-15 15:18:27','3030'),(3520,3031,'ND','Hs. Cátedra Nivel Superior en Sede','RAWSON',4,'2013-08-15 15:18:27','2013-08-15 15:18:27','3031'),(3521,3032,'','','',NULL,'2013-08-15 15:18:27','2013-08-15 15:18:27','3032'),(3522,3038,'','JUNTA CLASIF. REGION III','ESQUEL',3,'2013-08-15 15:18:27','2013-08-15 15:18:27','3038'),(3523,3042,'','','RAWSON',4,'2013-08-15 15:18:27','2013-08-15 15:18:27','3042'),(3524,4000,'ND','MINISTRO','RAWSON',4,'2013-08-15 15:18:27','2013-08-15 15:18:27','4000'),(3525,4001,'ND','SUBSECRETARIA DE EDUCACION','RAWSON',4,'2013-08-15 15:18:27','2013-08-15 15:18:27','4001'),(3526,4002,'ND','DIRECCION GENERAL OPERATIVA','RAWSON',4,'2013-08-15 15:18:27','2013-08-15 15:18:27','4002'),(3527,4003,'ND','DIRECCION GENERAL DE PROYECTOS ESPECIALES','RAWSON',4,'2013-08-15 15:18:27','2013-08-15 15:18:27','4003'),(3528,4004,'ND','DIRECCION DE INFRAESTRUCTURA ESCOLAR','RAWSON',4,'2013-08-15 15:18:27','2013-08-15 15:18:27','4004'),(3529,4005,'ND','DIRECCION GENERAL DE CIENCIA Y TECNICA','RAWSON',4,'2013-08-15 15:18:28','2013-08-15 15:18:28','4005'),(3530,4006,'ND','DIRECCION GENERAL DE ADMINISTRACION Y PERSONAL','RAWSON',4,'2013-08-15 15:18:28','2013-08-15 15:18:28','4006'),(3531,4007,'ND','DIRECCION GENERAL DE EDUCACION INICIAL','RAWSON',4,'2013-08-15 15:18:28','2013-08-15 15:18:28','4007'),(3532,4008,'ND','DIRECCION GENERAL DE EGB','RAWSON',4,'2013-08-15 15:18:28','2013-08-15 15:18:28','4008'),(3533,4009,'ND','DIRECCION GENERAL DE EDUCACION POLIMODAL','RAWSON',4,'2013-08-15 15:18:28','2013-08-15 15:18:28','4009'),(3534,4010,'ND','DIRECCION GENERAL DE REGIMENES ESPECIALES','RAWSON',4,'2013-08-15 15:18:28','2013-08-15 15:18:28','4010'),(3535,4011,'ND','DIRECCION GENERAL DE EDUCACION PRIVADA','RAWSON',4,'2013-08-15 15:18:28','2013-08-15 15:18:28','4011'),(3536,4012,'ND','DIRECCION DE ASESORIA LEGAL','RAWSON',4,'2013-08-15 15:18:28','2013-08-15 15:18:28','4012'),(3537,4013,'ND','DIRECCION DE ASISTENCIA PEDAGOGICA A LAS ESCUELAS PRIORITARIAS','RAWSON',4,'2013-08-15 15:18:28','2013-08-15 15:18:28','4013'),(3538,4014,'ND','DIRECCION CENTRO PROVINCIAL DE INFORMACION EDUCATIVA','RAWSON',4,'2013-08-15 15:18:28','2013-08-15 15:18:28','4014'),(3539,4015,'ND','DIRECCION DE DESPACHO','RAWSON',4,'2013-08-15 15:18:28','2013-08-15 15:18:28','4015'),(3540,4016,'ND','DIRECCION DE ESTADISTICA EDUCATIVA','RAWSON',4,'2013-08-15 15:18:28','2013-08-15 15:18:28','4016'),(3541,4017,'ND','DEPARTAMENTO TITULOS Y EQUIVALENCIAS','RAWSON',4,'2013-08-15 15:18:28','2013-08-15 15:18:28','4017'),(3542,4018,'ND','PLAN SOCIAL','RAWSON',4,'2013-08-15 15:18:28','2013-08-15 15:18:28','4018'),(3543,4019,'ND','DIRECCION GENERAL DE REGIMENES ESPECIALES','RAWSON',4,'2013-08-15 15:18:28','2013-08-15 15:18:28','4019'),(3544,4021,'','','LAGO PUELO',1,'2013-08-15 15:18:28','2013-08-15 15:18:28','4021'),(3545,4022,'','','PTO. MADRYN',2,'2013-08-15 15:18:28','2013-08-15 15:18:28','4022'),(3546,4023,'','','ESQUEL',3,'2013-08-15 15:18:28','2013-08-15 15:18:28','4023'),(3547,4024,'','','TRELEW',4,'2013-08-15 15:18:28','2013-08-15 15:18:28','4024'),(3548,4025,'','SEPEP R. 5','SARMIENTO',5,'2013-08-15 15:18:28','2013-08-15 15:18:28','4025'),(3549,4026,'','','CDRO. RIVADAVIA',6,'2013-08-15 15:18:28','2013-08-15 15:18:28','4026'),(3550,5006,'','','TREVELIN',3,'2013-08-15 15:18:28','2013-08-15 15:18:28','5006'),(3551,5007,'','','',NULL,'2013-08-15 15:18:28','2013-08-15 15:18:28','5007'),(3552,5009,'','','RAWSON',4,'2013-08-15 15:18:28','2013-08-15 15:18:28','5009'),(3553,5010,'','','',NULL,'2013-08-15 15:18:28','2013-08-15 15:18:28','5010'),(3554,5011,'','','',NULL,'2013-08-15 15:18:28','2013-08-15 15:18:28','5011'),(3555,5012,'','','',NULL,'2013-08-15 15:18:28','2013-08-15 15:18:28','5012'),(3556,5534,'','','',NULL,'2013-08-15 15:18:29','2013-08-15 15:18:29','5534'),(3557,5758,'','','',NULL,'2013-08-15 15:18:29','2013-08-15 15:18:29','5758'),(3558,6500,'','','LAGO PUELO',1,'2013-08-15 15:18:29','2013-08-15 15:18:29','6500'),(3559,6501,'','','VILLA FUTALAUFQUEN',3,'2013-08-15 15:18:29','2013-08-15 15:18:29','6501'),(3560,7701,'','','PTO. MADRYN',2,'2013-08-15 15:18:29','2013-08-15 15:18:29','7701'),(3561,7702,'','','CDRO. RIVADAVIA',6,'2013-08-15 15:18:29','2013-08-15 15:18:29','7702'),(3562,7703,'','','CDRO. RIVADAVIA',6,'2013-08-15 15:18:29','2013-08-15 15:18:29','7703'),(3563,7704,'','','CDRO. RIVADAVIA',6,'2013-08-15 15:18:29','2013-08-15 15:18:29','7704'),(3564,7705,'','','RAWSON',4,'2013-08-15 15:18:29','2013-08-15 15:18:29','7705'),(3565,7706,'','','GUALJAINA',3,'2013-08-15 15:18:29','2013-08-15 15:18:29','7706'),(3566,7707,'','','PTO. MADRYN',2,'2013-08-15 15:18:29','2013-08-15 15:18:29','7707'),(3567,7708,'','','RIO MAYO',5,'2013-08-15 15:18:29','2013-08-15 15:18:29','7708'),(3568,7709,'','Escuela Secundariia Rural','CUSHAMEN',1,'2013-08-15 15:18:29','2013-08-15 15:18:29','7709'),(3569,7710,'','','PUERTO PIRAMIDE',2,'2013-08-15 15:18:29','2013-08-15 15:18:29','7710'),(3570,7711,'','','GASTRE',4,'2013-08-15 15:18:29','2013-08-15 15:18:29','7711'),(3571,7713,'','','TRELEW',4,'2013-08-15 15:18:29','2013-08-15 15:18:29','7713'),(3572,7714,'','','ESQUEL',3,'2013-08-15 15:18:29','2013-08-15 15:18:29','7714'),(3573,7715,'','','CDRO. RIVADAVIA',6,'2013-08-15 15:18:29','2013-08-15 15:18:29','7715'),(3574,7716,'','ESCUELA NRO.7716','TRELEW',4,'2013-08-15 15:18:29','2013-08-15 15:18:29','7716'),(3575,7717,'','','CDRO. RIVADAVIA',6,'2013-08-15 15:18:29','2013-08-15 15:18:29','7717'),(3576,7718,'','','TRELEW',4,'2013-08-15 15:18:29','2013-08-15 15:18:29','7718'),(3577,7720,'','','TRELEW',4,'2013-08-15 15:18:29','2013-08-15 15:18:29','7720');
/*!40000 ALTER TABLE `escuelas` ENABLE KEYS */;
UNLOCK TABLES;

--
-- Table structure for table `localidades`
--

DROP TABLE IF EXISTS `localidades`;
/*!40101 SET @saved_cs_client     = @@character_set_client */;
/*!40101 SET character_set_client = utf8 */;
CREATE TABLE `localidades` (
  `id` int(11) NOT NULL AUTO_INCREMENT,
  `region_id` int(11) DEFAULT NULL,
  `nombre` varchar(255) COLLATE utf8_unicode_ci DEFAULT NULL,
  `created_at` datetime NOT NULL,
  `updated_at` datetime NOT NULL,
  PRIMARY KEY (`id`)
) ENGINE=InnoDB AUTO_INCREMENT=62 DEFAULT CHARSET=utf8 COLLATE=utf8_unicode_ci;
/*!40101 SET character_set_client = @saved_cs_client */;

--
-- Dumping data for table `localidades`
--

LOCK TABLES `localidades` WRITE;
/*!40000 ALTER TABLE `localidades` DISABLE KEYS */;
INSERT INTO `localidades` VALUES (1,4,'28 DE JULIO','2013-03-01 16:30:56','2013-03-01 16:30:56'),(2,5,'ALDA BELEIRO','2013-03-01 16:30:56','2013-03-01 16:30:56'),(3,4,'ALDEA - SEPAUCAL','2013-03-01 16:30:56','2013-03-01 16:30:56'),(4,5,'ALDEA APELEG','2013-03-01 16:30:56','2013-03-01 16:30:56'),(5,3,'ALDEA EPULEF','2013-03-01 16:30:56','2013-03-01 16:30:56'),(6,3,'ALDEA ESCOLAR','2013-03-01 16:30:56','2013-03-01 16:30:56'),(7,5,'ALTO RIO SENGUER','2013-03-01 16:30:56','2013-03-01 16:30:56'),(8,1,'BUENOS AIRES CHICO','2013-03-01 16:30:56','2013-03-01 16:30:56'),(9,4,'CAMARONES','2013-03-01 16:30:56','2013-03-01 16:30:56'),(10,3,'CARRENLEUFÚ','2013-03-01 16:30:56','2013-03-01 16:30:56'),(11,3,'CERRO CENTINELA','2013-03-01 16:30:56','2013-03-01 16:30:56'),(12,4,'CERRO CÓNDOR','2013-03-01 16:30:56','2013-03-01 16:30:56'),(13,1,'CERRO RADAL','2013-03-01 16:30:56','2013-03-01 16:30:56'),(14,4,'CHACAY OESTE','2013-03-01 16:30:56','2013-03-01 16:30:56'),(15,1,'CHOLILA','2013-03-01 16:30:56','2013-03-01 16:30:56'),(16,3,'COLÁN CONHUE','2013-03-01 16:30:56','2013-03-01 16:30:56'),(17,6,'COMODORO RIVADAVIA','2013-03-01 16:30:56','2013-03-01 16:30:56'),(18,3,'CORCOVADO','2013-03-01 16:30:56','2013-03-01 16:30:56'),(19,4,'DIQUE AMEGHINO','2013-03-01 16:30:57','2013-03-01 16:30:57'),(20,3,'COSTA DEL LEPA','2013-03-01 16:30:58','2013-03-01 16:30:58'),(21,3,'COSTA DEL CHUBUT','2013-03-01 16:31:28','2013-03-01 16:31:28'),(22,1,'CUSHAMEN','2013-03-01 16:31:28','2013-03-01 16:31:28'),(23,4,'DOLAVON','2013-03-01 16:31:28','2013-03-01 16:31:28'),(24,4,'DROFA DULOG','2013-03-01 16:31:28','2013-03-01 16:31:28'),(25,5,'DR RICARDO ROJAS','2013-03-01 16:31:28','2013-03-01 16:31:28'),(26,4,'EL ESCORIAL','2013-03-01 16:31:28','2013-03-01 16:31:28'),(27,1,'EL HOYO','2013-03-01 16:31:28','2013-03-01 16:31:28'),(28,1,'EL MAITEN','2013-03-01 16:31:28','2013-03-01 16:31:28'),(29,4,'EL MIRASOL','2013-03-01 16:31:29','2013-03-01 16:31:29'),(30,1,'EPUYEN','2013-03-01 16:31:29','2013-03-01 16:31:29'),(31,3,'ESQUEL','2013-03-01 16:31:29','2013-03-01 16:31:29'),(32,4,'GAIMAN','2013-03-01 16:31:29','2013-03-01 16:31:29'),(33,4,'GAN GAN','2013-03-01 16:31:29','2013-03-01 16:31:29'),(34,4,'GASTRE','2013-03-01 16:31:29','2013-03-01 16:31:29'),(35,3,'GOBERNADOR COSTA','2013-03-01 16:31:29','2013-03-01 16:31:29'),(36,3,'GUALJAINA','2013-03-01 16:31:29','2013-03-01 16:31:29'),(37,3,'JOSÉ DE SAN MARTÍN','2013-03-01 16:31:29','2013-03-01 16:31:29'),(38,5,'LAGO BLANCO','2013-03-01 16:31:29','2013-03-01 16:31:29'),(39,1,'LAGO PUELO','2013-03-01 16:31:29','2013-03-01 16:31:29'),(40,3,'LAGO ROSARIO','2013-03-01 16:31:30','2013-03-01 16:31:30'),(41,4,'LAGUNITA SALADA','2013-03-01 16:31:46','2013-03-01 16:31:46'),(42,1,'LAS GOLONDRINAS','2013-03-01 16:31:46','2013-03-01 16:31:46'),(43,4,'LAS PLUMAS','2013-03-01 16:31:46','2013-03-01 16:31:46'),(44,4,'LOS ALTARES','2013-03-01 16:31:46','2013-03-01 16:31:46'),(45,4,'PASO DE INDIOS','2013-03-01 16:31:46','2013-03-01 16:31:46'),(46,3,'PASO DEL SAPO','2013-03-01 16:31:46','2013-03-01 16:31:46'),(47,4,'PLAYA UNIÓN','2013-03-01 16:31:46','2013-03-01 16:31:46'),(48,2,'PUERTO MADRYN','2013-03-01 16:31:46','2013-03-01 16:31:46'),(49,4,'RAWSON','2013-03-01 16:31:47','2013-03-01 16:31:47'),(50,6,'RADA TILLY','2013-03-01 16:31:47','2013-03-01 16:31:47'),(51,5,'RIO MAYO','2013-03-01 16:31:47','2013-03-01 16:31:47'),(52,3,'RÍO PICO','2013-03-01 16:31:47','2013-03-01 16:31:47'),(53,5,'RIO SENGUER','2013-03-01 16:31:47','2013-03-01 16:31:47'),(54,5,'SARMIENTO','2013-03-01 16:31:47','2013-03-01 16:31:47'),(55,3,'SIERRA COLORADA','2013-03-01 16:31:47','2013-03-01 16:31:47'),(56,3,'TECKA','2013-03-01 16:31:47','2013-03-01 16:31:47'),(57,4,'TELSEN','2013-03-01 16:31:47','2013-03-01 16:31:47'),(58,4,'TRELEW','2013-03-01 16:31:47','2013-03-01 16:31:47'),(59,4,'TREORKY','2013-03-01 16:31:47','2013-03-01 16:31:47'),(60,3,'TREVELIN','2013-03-01 16:31:47','2013-03-01 16:31:47'),(61,4,'VIEDMA','2013-03-01 16:31:47','2013-03-01 16:31:47');
/*!40000 ALTER TABLE `localidades` ENABLE KEYS */;
UNLOCK TABLES;

--
-- Table structure for table `niveles`
--

DROP TABLE IF EXISTS `niveles`;
/*!40101 SET @saved_cs_client     = @@character_set_client */;
/*!40101 SET character_set_client = utf8 */;
CREATE TABLE `niveles` (
  `id` int(11) NOT NULL AUTO_INCREMENT,
  `nombre` varchar(255) COLLATE utf8_unicode_ci DEFAULT NULL,
  `created_at` datetime NOT NULL,
  `updated_at` datetime NOT NULL,
  PRIMARY KEY (`id`)
) ENGINE=InnoDB AUTO_INCREMENT=5 DEFAULT CHARSET=utf8 COLLATE=utf8_unicode_ci;
/*!40101 SET character_set_client = @saved_cs_client */;

--
-- Dumping data for table `niveles`
--

LOCK TABLES `niveles` WRITE;
/*!40000 ALTER TABLE `niveles` DISABLE KEYS */;
INSERT INTO `niveles` VALUES (1,'Primario','2014-04-14 16:51:44','2014-04-14 16:51:44'),(2,'Secundario','2014-04-14 16:51:51','2014-04-14 16:51:51'),(3,'Terciario','2014-04-14 16:52:02','2014-04-14 16:52:02'),(4,'Inicial','2014-04-14 16:52:16','2014-04-14 16:52:16');
/*!40000 ALTER TABLE `niveles` ENABLE KEYS */;
UNLOCK TABLES;

--
-- Table structure for table `regiones`
--

DROP TABLE IF EXISTS `regiones`;
/*!40101 SET @saved_cs_client     = @@character_set_client */;
/*!40101 SET character_set_client = utf8 */;
CREATE TABLE `regiones` (
  `id` int(11) NOT NULL AUTO_INCREMENT,
  `nombre` varchar(255) COLLATE utf8_unicode_ci DEFAULT NULL,
  `created_at` datetime NOT NULL,
  `updated_at` datetime NOT NULL,
  PRIMARY KEY (`id`)
) ENGINE=InnoDB DEFAULT CHARSET=utf8 COLLATE=utf8_unicode_ci;
/*!40101 SET character_set_client = @saved_cs_client */;

--
-- Dumping data for table `regiones`
--

LOCK TABLES `regiones` WRITE;
/*!40000 ALTER TABLE `regiones` DISABLE KEYS */;
/*!40000 ALTER TABLE `regiones` ENABLE KEYS */;
UNLOCK TABLES;

--
-- Table structure for table `relevamientos`
--

DROP TABLE IF EXISTS `relevamientos`;
/*!40101 SET @saved_cs_client     = @@character_set_client */;
/*!40101 SET character_set_client = utf8 */;
CREATE TABLE `relevamientos` (
  `id` int(11) NOT NULL AUTO_INCREMENT,
  `nombre_y_apellido` varchar(255) COLLATE utf8_unicode_ci DEFAULT NULL,
  `tipo_de_documento_id` int(11) DEFAULT NULL,
  `nro_documento` int(11) DEFAULT NULL,
  `escuela_id` int(11) DEFAULT NULL,
  `nivel_id` int(11) DEFAULT NULL,
  `tipo_gestion_id` int(11) DEFAULT NULL,
  `localidad_id` int(11) DEFAULT NULL,
  `calle` varchar(255) COLLATE utf8_unicode_ci DEFAULT NULL,
  `nro` int(11) DEFAULT NULL,
  `piso` varchar(255) COLLATE utf8_unicode_ci DEFAULT NULL,
  `depto` varchar(255) COLLATE utf8_unicode_ci DEFAULT NULL,
  `grado_anio_alumno` int(11) DEFAULT NULL,
  `regular` tinyint(1) DEFAULT NULL,
  `cant_cuadras` int(11) DEFAULT NULL,
  `distancia_km` float DEFAULT NULL,
  `servicio_transporte` varchar(255) COLLATE utf8_unicode_ci DEFAULT NULL,
  `telefono_contacto` varchar(255) COLLATE utf8_unicode_ci DEFAULT NULL,
  `rol` varchar(255) COLLATE utf8_unicode_ci DEFAULT NULL,
  `activo_pasivo_docente` tinyint(1) DEFAULT NULL,
  `frente_alumnos` tinyint(1) DEFAULT NULL,
  `grado_docente` varchar(255) COLLATE utf8_unicode_ci DEFAULT NULL,
  `turno_docente` varchar(255) COLLATE utf8_unicode_ci DEFAULT NULL,
  `activo_pasivo_aux` tinyint(1) DEFAULT NULL,
  `lugar_auxiliares` varchar(255) COLLATE utf8_unicode_ci DEFAULT NULL,
  `created_at` datetime NOT NULL,
  `updated_at` datetime NOT NULL,
  PRIMARY KEY (`id`)
) ENGINE=InnoDB AUTO_INCREMENT=603 DEFAULT CHARSET=utf8 COLLATE=utf8_unicode_ci;
/*!40101 SET character_set_client = @saved_cs_client */;

--
-- Dumping data for table `relevamientos`
--

LOCK TABLES `relevamientos` WRITE;
/*!40000 ALTER TABLE `relevamientos` DISABLE KEYS */;
INSERT INTO `relevamientos` VALUES (33,'Liliana Angélica González',5,22008405,3254,2,3,58,'25 de mayo',NULL,'','',NULL,0,60,6,'transporte urbano e interbuano','0280 154321477','Docente',1,0,'','',0,'','2014-04-16 12:42:04','2014-04-16 12:46:18'),(34,'Sanchez Sandra',1,20541563,3205,2,3,17,'Leopoldo Lugones 976 B°Km3',NULL,'','',2,1,NULL,NULL,'Patagonia Argentina S.R.L.','(297)155178051','Alumno',0,0,'','',0,'','2014-04-17 14:35:22','2014-04-17 14:36:02'),(35,'maria leonor quiroga',5,26727136,3251,2,3,58,'ramon y cajal',350,'','',NULL,0,NULL,3,'transporte  el 22','280 154273544','Docente',1,0,'','',0,'','2014-04-17 17:15:58','2014-04-17 17:17:07'),(36,'Emeli Soledad Martinez',5,40739147,2794,2,3,31,'Ohiggins ',1206,'','',9,1,19,2,'Colectivo Urbano','0294515647585','Alumno',0,0,'','',0,'','2014-04-17 19:49:10','2014-04-17 19:49:10'),(37,'Maria Daniela Martinez',5,24649668,3113,1,3,31,'Ohiggins ',1206,'','',NULL,0,150,15,'transporte urbano','02945-15420206','Auxiliar de educación',0,0,'','',1,'523','2014-04-17 19:53:32','2014-04-17 19:53:32'),(38,'Juan Domingo Martinez',5,23908687,3278,3,3,31,'O\'higgins ',1206,'','',NULL,0,19,2,'Transporte Urbano','02945 15501040','Docente',1,1,'3ro','Nocturno',0,'','2014-04-17 20:00:04','2014-04-17 20:00:04'),(39,'Yamila Vanesa Borges',5,35012833,3281,2,3,58,'Conesa (Barrio Codepro)',1230,'2','C',NULL,0,NULL,20,'Empresa Rawson y 28 de Julio','0280 154332410','Docente',1,0,'','',0,'','2014-04-17 20:19:26','2014-04-17 20:21:56'),(40,'Gladys Harris',5,17857118,2964,1,3,49,'Carlos Gardel ',100,'','',NULL,0,4,0,'Bahía','0280154729497','Docente',1,1,'1°','tarde',0,'','2014-04-17 21:31:58','2014-04-17 21:31:58'),(41,'Gabriela Ester Galarza',5,17552357,2805,2,3,47,'',NULL,'','',NULL,0,NULL,5,'Transporte Bahía','','Docente',1,1,'','Tarde',0,'','2014-04-17 22:44:00','2014-04-17 22:44:00'),(42,'carrizo rita del valle',5,18446439,2936,1,3,48,'',NULL,'','',NULL,0,20,NULL,'benitez bellini','0280154722316','Docente',1,1,'6to','mañana',0,'','2014-04-18 14:09:59','2014-04-18 14:09:59'),(43,'Mateo Casares Carrizo',5,45803313,2936,1,3,48,'',NULL,'','',4,1,20,NULL,'benitez bellini','0280-154722316','Alumno',0,0,'','',0,'','2014-04-18 14:13:04','2014-04-18 14:13:04'),(44,'Adriana Beatriz GARCIA',5,23930178,3204,2,3,17,'Avenida Estados Unidos',552,'','',NULL,0,24,2.4,'Transporte Patagonia Argentina SRL - Recorrido Linea 4','2974922486','Docente',1,1,'TM 1,2y3 año TT 4,5y6 año','Mañana y Tarde',0,'','2014-04-18 17:29:55','2014-04-18 17:30:36'),(45,'maria veronica diez',5,21909792,2787,1,3,48,'perito moreno ',2315,'','',NULL,0,NULL,80,'28 de julio o mar y valle a rawson','2804473302','Docente',1,0,'','',0,'','2014-04-18 18:16:00','2014-04-18 18:16:00'),(46,'daniel federico castro',1,39438433,2787,2,3,17,'codigo 2436 ',1770,'','5-km8',5,1,NULL,5,'patagonia argentina srl','2974265717','Alumno',0,0,'','',0,'','2014-04-18 21:27:35','2014-04-18 21:27:35'),(47,'PINO, Flavio',5,22690154,3228,2,3,32,'Michael Jones  ',490,'','',NULL,0,NULL,15,'Colectivo empresa \"28 de julio\"','0280-154271855','Docente',1,1,'1 y 2 año','',0,'','2014-04-18 21:29:53','2014-04-18 21:29:53'),(48,'enzo martearena',1,40385294,3174,2,3,17,'base matienzo',56,'-','-',9,1,8,2,'Patagonia argentina','2974245363','Alumno',0,0,'','',0,'','2014-04-18 21:30:07','2014-04-18 21:30:07'),(49,'andrea agustina nieva',1,43537504,3171,2,3,17,'codigo 2436',1770,'5','km8',2,1,NULL,5,'patagonia argentina srl','2974265717','Alumno',0,0,'','',0,'','2014-04-18 21:30:39','2014-04-18 21:30:39'),(50,'Juan Gabriel Leinecker',5,40408741,3189,2,3,17,'Codigo 2434',1219,'','53',5,1,NULL,4,'Patagonia Argentina S.R.L.','2975202075','Alumno',0,0,'','',0,'','2014-04-18 21:32:28','2014-04-18 21:32:28'),(51,'cecilia romina castro',1,35383022,2787,3,3,17,'codigo 2436 ',1770,'5','km8',1,1,NULL,8,'patagonia argentina srl','2974265717','Alumno',0,0,'','',0,'','2014-04-18 21:32:53','2014-04-18 21:32:53'),(52,'Almada Adriana Janet',5,33345293,3269,3,3,48,'25 de mayo',1090,'','',2,1,30,3,'Benitez Bellini','2804505286','Alumno',0,0,'','',0,'','2014-04-18 21:34:59','2014-04-18 21:34:59'),(53,'Milagros Jazmin Leinecker',5,45458836,2957,1,3,17,'Codigo 2434',1219,'','53',4,1,NULL,1,'Patagonia Argentina S.R.L.','2974069258','Alumno',0,0,'','',0,'','2014-04-18 21:35:14','2014-04-18 21:35:14'),(54,'fernando jose nahuel',5,42699628,3233,2,3,17,'pasaje los alelíes barrio san martín ',3586,'','',1,1,25,2,'trasporte patagonia argentina linea 1 ','2974469438','Alumno',0,0,'','',0,'','2014-04-18 21:35:33','2014-04-18 21:35:33'),(55,'Bautista Joaquin Leinecker',5,47846949,2957,1,3,17,'Codigo 2434',1219,'','53',1,1,NULL,1,'Patagonia Argentina SRL','2974069258','Alumno',0,0,'','',0,'','2014-04-18 21:37:44','2014-04-18 21:37:44'),(56,'Monica Graciela Burquet',5,18071948,3077,4,3,17,'Codigo 2434',1219,'','53',NULL,0,NULL,1,'Patagonia Argentina SRL','2974069258','Auxiliar de educación',0,0,'','',1,'Escuela NIvel Inicial N° 463','2014-04-18 21:39:12','2014-04-18 21:39:12'),(57,'Sergio Fabián Salvatierra',5,16962440,3269,3,3,33,'Avda. de las Ballenas (Puerto Pirámides)',1,'','',NULL,0,0,100,'Mar y Valle','02804602401','Docente',1,1,'Formación Docente','Noche',0,'','2014-04-18 21:45:09','2014-04-18 21:45:09'),(58,'jonathan david nahuel',5,46611938,2990,1,3,17,'pasaje los alelíes barrio san martín  ',3586,'','',4,1,25,2,'trasporte patagonia argentina linea 1 ','2974469438','Alumno',0,0,'','',0,'','2014-04-18 21:45:11','2014-04-18 21:45:11'),(59,'alba adriana navarro',5,17729380,3190,2,3,17,'virgen del carmen 1432 Bº  Pietrobelli',NULL,'','',NULL,0,50,0,'Patagonia Argentina','0297 154369505','Auxiliar de educación',0,0,'','',1,'723 y 745','2014-04-18 21:46:17','2014-04-18 21:46:17'),(60,'catherine tamar nahuel',5,48279717,2990,1,3,17,'pasaje los alelíes barrio san martín ',3586,'','',1,1,25,2,'transporte patagonia argentina linea 1 ','2974469438','Alumno',0,0,'','',0,'','2014-04-18 21:48:34','2014-04-18 21:48:34'),(61,'Marlene García',4,23201649,3062,4,3,48,'Domecq García',645,'','',NULL,0,30,NULL,'Benitez','','Docente',1,0,'','',0,'','2014-04-18 21:51:13','2014-04-18 21:51:13'),(62,'ROMINA FERNANDA VAZQUEZ',5,32142729,2823,1,3,60,'AVENIDA SAN MARTIN S/N',NULL,'','',NULL,0,NULL,26,'TRANSPORTES JACOBSEN','0294515593513','Docente',1,1,'3RO-4TO-5TO-6TO','MAÑANA',0,'','2014-04-18 21:59:56','2014-04-18 22:00:34'),(63,'CAMILAAGOSTINALESPADA  ',5,43678649,3216,2,3,17,'NICARAGUA       BARRIO LAPRIDA',620,'','',1,1,NULL,14,'PATAGONIA ARGENTINA SRL','297154142822','Alumno',0,0,'','',0,'','2014-04-18 22:00:20','2014-04-18 22:00:20'),(64,'ROATTINO PABLO MARTIN',5,32407579,3111,2,3,17,'ESTADOS ARABES 532',NULL,'','',NULL,0,NULL,NULL,'PATAGONIA ARGENTINA ','0297-154279613','Auxiliar de educación',0,0,'','',1,'ESCUELA N° 521 ','2014-04-18 22:12:00','2014-04-18 22:12:00'),(65,'Mónica Silvana Musso',5,24019458,3271,3,3,58,'J Berreta s/Nº',NULL,'','',NULL,0,20,2,'2, 3, 5','0280154566199','Docente',1,1,'4º AÑO DEL PROFESORADO DE ARTES VISUALES','NOCHE',0,'','2014-04-18 22:20:57','2014-04-18 22:20:57'),(66,'Barros Silvana',5,35257658,3219,2,3,58,'Av Yrigoyen ',1700,'2','141',NULL,0,NULL,21,'Empresa Rawson y 28 de Julio','2804542526','Docente',1,1,'1°años, 2°años,3°años y 4°año','mañana y tarde',0,'','2014-04-18 22:38:32','2014-04-18 22:41:16'),(67,'Maria Florencia Dominguez',5,42479046,3215,2,3,58,'pecoraro ',441,'','',3,1,40,NULL,'el 22 srl.','2804573215','Alumno',0,0,'','',0,'','2014-04-18 22:40:38','2014-04-18 22:40:38'),(68,'sabrina nahir soto',5,41597430,3216,2,3,17,'juana azurduy ',1396,'','',4,1,80,5,'transporte patagonia argentina','154144716','Alumno',0,0,'','',0,'','2014-04-18 22:47:04','2014-04-18 22:47:04'),(69,'Guadalupe, Villalonga Ungar',5,43371464,3181,1,3,58,'Barrio los Pinos, Calle Don Domingo, última casa',0,'','',2,1,NULL,10,'empresa 2o de Julio o empresa Rawson (servicio de Trelew a Rawson por Ruta 25)','0280-4443331','Alumno',0,0,'','',0,'','2014-04-18 22:50:35','2014-04-18 22:50:35'),(70,'Stefania Antonella Gallo',5,38800868,3215,2,3,58,'Francisco Pecoraro ',441,'','',6,1,30,3,'22','(280)4439036','Alumno',0,0,'','',0,'','2014-04-18 22:50:37','2014-04-18 22:50:37'),(71,'lucas ivan sotio',5,47591360,2958,1,3,17,'juana azurduy ',1396,'','',2,1,20,2,'transporte patagonia argentina','154144716','Alumno',0,0,'','',0,'','2014-04-18 22:51:33','2014-04-18 22:51:33'),(72,'Cecilia Monica Orellana',5,25963084,3047,4,3,58,'Cacique Foyel ',380,'','',NULL,0,32,3,'Colectivo Urbano','2804524206','Docente',1,1,'Sala de 4 y 5 años','Mañana',0,'','2014-04-18 22:52:24','2014-04-18 22:52:24'),(73,'romina anabella jara',5,30936588,3224,2,3,17,'celedonio diaz (km 5.) Barios  Las Orquideas',1891,'-','-',NULL,0,20,2,'trasporte patagonia (colectivo)','297-154014349-297-4550096','Docente',1,1,'1- 2 y 3 año E.S.B.','TARDE',0,'','2014-04-18 22:53:02','2014-04-18 22:53:02'),(74,'Maria Francisca Juárez ',5,16867375,3215,2,3,58,'Francisco Pecoraro ',441,'','',NULL,0,30,3,'22','(280)4439036','Auxiliar de educación',0,0,'','',1,'Administrativa ','2014-04-18 22:53:03','2014-04-18 22:53:03'),(75,'natalia fernanda anaquin',5,30287727,3053,4,3,17,'rita barreda s/n don bosco',NULL,'','',NULL,0,NULL,15,'patagonia','0297155049011','Docente',1,1,'nivel inicial','tarde',0,'','2014-04-18 22:53:28','2014-04-18 22:54:04'),(76,'mariano gabriel murua',5,41089877,3200,2,3,32,'ruta',NULL,'','',4,1,20,18,'trans.urbano 22-ceferino-28 de julio','2804443578','Alumno',0,0,'','',0,'','2014-04-18 22:57:59','2014-04-18 22:57:59'),(77,'Marcos Leandro Guaiquil',5,38798218,3171,2,3,17,'Codigo 831',2389,'','',5,1,NULL,5,'Patagonia Argentina lineas 4, 2, 12, zona norte','154277508','Alumno',0,0,'','',0,'','2014-04-18 22:58:33','2014-04-18 22:58:33'),(78,'Natalia Soledad Ciani',5,29265004,3181,2,3,58,'Rawson ',341,'','',NULL,0,NULL,1.7,'El 22','','Docente',1,1,'','mañana y tarde',0,'','2014-04-18 23:01:59','2014-04-18 23:03:34'),(79,'joaquin murua',5,40383927,3200,2,3,32,'ruta',NULL,'','',5,1,20,18,'urbano22-28de julio-ceferino','280443578','Alumno',0,0,'','',0,'','2014-04-18 23:03:38','2014-04-18 23:03:38'),(80,'Sabrina Alejandra Walker',5,38800525,3450,3,1,58,'Moreteau',2034,'','',1,1,30,NULL,'Transportes \"El 22\" SRL','2804860239','Alumno',0,0,'','',0,'','2014-04-18 23:10:10','2014-04-18 23:10:10'),(81,'franco murua',5,38804451,3518,3,3,58,'9 de julio',NULL,'','',-1,1,24,NULL,'urbano 22','2804445783','Alumno',0,0,'','',0,'','2014-04-18 23:13:38','2014-04-18 23:13:38'),(82,'Mateo Lionel Dominguez',5,46982272,2826,1,3,58,'barrio 119 viviendas',33,'','',3,1,50,NULL,'transporte el \"22\"','2804426298','Alumno',0,0,'','',0,'','2014-04-18 23:14:09','2014-04-18 23:14:09'),(83,'Maximiliano Ezequiel Dominguez',5,44516641,2826,1,3,58,'barrio 119 viviendas',33,'','',6,1,50,NULL,'transporte el \"22\"','2804426298','Alumno',0,0,'','',0,'','2014-04-18 23:16:30','2014-04-18 23:16:30'),(84,'RAQUEL ALICIA GONZALEZ',5,23905066,3233,2,3,17,'LA PAMPA ',480,'PB','-',NULL,0,30,4,'TRANSPORTES PATAGONIA ARGENTINA S.R.L.','0297-154321046','Docente',1,1,'2°','TARDE',0,'','2014-04-18 23:17:55','2014-04-18 23:17:55'),(85,'greta murua',5,30,3270,3,3,58,'25 de mayo',NULL,'','',-1,1,23,NULL,'22 urbano','280443578','Alumno',0,0,'','',0,'','2014-04-18 23:18:31','2014-04-18 23:19:55'),(86,'GONZALEZ LUCÍA RAQUEL ',5,39438552,3213,2,3,17,'LA PAMPA',480,'PB','-',6,1,25,7,'TRANSPORTES PATAGONIA ARGENTINA','0297-155001844','Alumno',0,0,'','',0,'','2014-04-18 23:22:08','2014-04-18 23:22:08'),(87,'hugo hernan pacheco',5,28054843,3494,1,3,58,'barrio constitucion ',140,'1','c',NULL,0,30,3,'transporte 22','280-4680645','Auxiliar de educación',0,0,'','',1,'supervision  Reg. 4','2014-04-18 23:23:07','2014-04-18 23:23:07'),(88,'AXEL LEONEL BARROS',5,41619302,3237,2,3,17,'SIXTO ALMIRON',295,'','',3,1,30,3,'PATAGONIA ARGENTINA','0297 4559244','Alumno',0,0,'','',0,'','2014-04-18 23:52:45','2014-04-18 23:52:45'),(89,'quiroga flavio',5,33392662,3271,3,3,58,'',NULL,'','',2,1,NULL,25,'transp. rawson, 28 de julio, bahia','0280 154505731','Alumno',0,0,'','',0,'','2014-04-18 23:53:42','2014-04-18 23:53:42'),(90,'MICAELA JARA',5,37068100,3221,2,3,17,'Vélez  Sardfiel  y Alsina',NULL,'','',3,1,31,NULL,'PATAGONIA ARGENTINA','297 5095254','Alumno',0,0,'','',0,'','2014-04-18 23:55:37','2014-04-18 23:55:37'),(91,'VALENTINA JARA',5,35658733,3221,2,3,17,'vélez Sardfield y Alsina',NULL,'','',3,1,31,NULL,'PATAGONIA ARGENTINA','2974321738','Alumno',0,0,'','',0,'','2014-04-18 23:58:44','2014-04-18 23:58:44'),(92,'Nadia Margarita Caraballo',5,43371842,3262,2,3,49,'Ernesto Laporte-Area 16',NULL,'----------------------','--------------------',1,1,NULL,5,'Transporte Bahía- Transporte Rawson','0280 154865971','Alumno',0,0,'','',0,'','2014-04-19 00:04:09','2014-04-19 00:04:09'),(93,'lucas ezequiel galvan',5,36007381,2866,3,2,58,'avenida hipolito yrigoyen ',997,'1','b',1,1,20,2,'transportes el 22','154380590','Alumno',0,0,'','',0,'','2014-04-19 00:16:30','2014-04-19 00:16:30'),(94,'NORA ISABEL ROSALES',5,13916744,2936,1,3,48,'FUERTE SAN JOSE ',115,'','BIEDMA',NULL,0,15,NULL,'BENITEZ BELLINI','2804221955','Auxiliar de educación',0,0,'','',1,'ASISTENTE SALA INFORMATICA','2014-04-19 00:17:14','2014-04-19 00:17:14'),(95,'Nicolás Emiliano Zapata',5,42479734,3324,2,1,58,'velero vesta y bolivia',43,'','',3,1,NULL,18,'28 de julio y Empresa Rawson','0280154794','Alumno',0,0,'','',0,'','2014-04-19 00:17:27','2014-04-19 00:17:27'),(96,'carol elyzabeth vivas marquez',5,45166597,3233,2,1,17,'sector 6',55,'','j',3,1,NULL,5,'linea 5 urbano','297154149768','Alumno',0,0,'','',0,'','2014-04-19 00:24:43','2014-04-19 00:24:43'),(97,'azucena elyzabeth cardenas',5,33180128,3233,3,1,17,'sector 6',62,'','g',5,1,NULL,5,'linea 5 urbano','297156249264','Alumno',0,0,'','',0,'','2014-04-19 00:27:56','2014-04-19 00:27:56'),(98,'Agustin Matamala',5,43678908,3214,2,3,58,'25 de mayo',390,'','',1,1,16,1,'linea 22','0280-4427436/154679046','Alumno',0,0,'','',0,'','2014-04-19 00:29:26','2014-04-19 00:29:26'),(99,'fidel patricio rosas beizaga',5,32538373,2911,3,3,58,'pascual daleoso',3172,'','',1,1,60,6,'transporte el 22','2804663608','Alumno',0,0,'','',0,'','2014-04-19 00:47:42','2014-04-19 00:47:42'),(100,'Miguel Angel Barrionuevo',5,43477306,3442,2,1,58,'pasaje Los Andes',1131,'','',2,1,NULL,20,'28 de julio','0280 154210441','Alumno',0,0,'','',0,'','2014-04-19 00:50:00','2014-04-19 00:50:00'),(101,'deborah salome urra',5,37067562,3272,3,3,58,'oscar smith ',667,'','',1,1,50,5,'transporte el 22','2804334662','Alumno',0,0,'','',0,'','2014-04-19 00:52:55','2014-04-19 00:52:55'),(102,'Paula Sol Grano',5,42479086,3215,2,3,58,'Condarco',2325,'','',2,1,33,3,'Transportes \"EL 22\"','0280-154385394','Alumno',0,0,'','',0,'','2014-04-19 00:56:09','2014-04-19 00:56:09'),(103,'Tillería María Soledad',4,35099457,3267,3,3,32,'psj. 14 de agosto',3,'','',3,1,NULL,NULL,'cooperativa de transporte 28 de julio srl.','0280 154831894','Alumno',0,0,'','',0,'','2014-04-19 01:09:33','2014-04-19 01:32:04'),(104,'Leonardo Facundo Saavedra',5,33772617,2820,3,2,17,'Juan B, Justo',256,'','',4,1,NULL,5,'Patagonia Argentina','297-154601298','Alumno',0,0,'','',0,'','2014-04-19 01:15:55','2014-04-19 01:15:55'),(105,'Melina Evans',5,41957293,3325,2,1,58,'San Martín',260,'','',4,1,NULL,NULL,'Transportes el 22','4421170','Alumno',0,0,'','',0,'','2014-04-19 01:17:48','2014-04-19 01:18:26'),(106,'Ema  Marina Escudero',5,21586087,2813,1,3,17,'Francisco Bher',496,'','',NULL,0,NULL,9,'Patagonia Argentins','2976252585','Docente',1,1,' 4, 5, 6',' mañana  y tarde',0,'','2014-04-19 01:20:35','2014-04-19 01:20:35'),(107,'EDUARDO MARCELO NAVARRO',5,20237347,2869,1,3,17,'PLAN FEDERAL II - CÓDIGO 2400 - CASA 22 - BARRIO DON BOSCO - KM. 8',NULL,'','',NULL,0,0,10,'TRANSPORTE PATAGONIA ARGENTINA','(0297) - 155019845','Docente',1,1,'TERCERO','TARDE',0,'','2014-04-19 01:21:45','2014-04-19 01:21:45'),(108,'Agustin Alejandro Escudero',5,38,3204,2,3,17,'Francisco Behr ',496,'','',4,1,19,3,'Patagonia Argentina-Colectivos','02975059191','Alumno',0,0,'','',0,'','2014-04-19 01:21:52','2014-04-19 01:21:52'),(109,'maria lujan mariana',5,28390128,3281,2,3,49,'castelli',450,'','rawson',NULL,0,NULL,20,'empresa rawson','280154844222','Docente',1,1,'1 y 2','tarde',0,'','2014-04-19 01:22:34','2014-04-19 01:22:34'),(110,'gustavo martin lopez',5,34621905,3346,3,3,32,'pasaje 14 de agosto ',-3,'','',1,1,NULL,36,'linea 28 de julio','2804822388','Alumno',0,0,'','',0,'','2014-04-19 01:22:47','2014-04-19 01:22:47'),(111,'Gonzalo Doucett',5,43079918,3179,2,3,58,'Gales y mitre',NULL,'','',2,1,NULL,3,'El 22','154645595','Alumno',0,0,'','',0,'','2014-04-19 01:23:42','2014-04-19 01:23:42'),(112,'Gabriel Gregorio Escudero',5,38798454,3212,2,3,17,'Francisco Behr',496,'','',5,1,14,1,'Patagonia Argentina-Colectivos','02974755860','Alumno',0,0,'','',0,'','2014-04-19 01:25:09','2014-04-19 01:25:09'),(113,'Luciana Doucett',5,44601256,2992,1,3,58,'El carmen y musters',NULL,'','',6,1,NULL,NULL,'El 22','154645595','Alumno',0,0,'','',0,'','2014-04-19 01:27:33','2014-04-19 01:33:35'),(114,'Florencia Troman ',5,39439897,3016,3,3,58,'25 de Mayo  (25 de Mayo esq. Pellegrini)',390,'','',1,1,22,NULL,'El 22','02804778617','Alumno',0,0,'','',0,'','2014-04-19 01:52:16','2014-04-19 01:56:44'),(115,'paula andrea gomez',5,29719832,3274,3,3,58,'laura vicuña',4410,'','',2,1,42,4,'urbano','154211078','Alumno',0,0,'','',0,'','2014-04-19 01:55:35','2014-04-19 01:55:35'),(116,'irina hughes',5,44716705,2826,1,3,58,'laura vicuña',4410,'','',6,1,30,3,'urbano','154211078','Alumno',0,0,'','',0,'','2014-04-19 01:58:23','2014-04-19 01:58:23'),(117,'Mariela Elizabeth Velazquez',5,29857297,2911,2,3,32,'Bethesda chacra',253,'','',NULL,0,NULL,10,'linea 28 de julio','0280-154273696','Docente',1,1,'EAS Plimodal rural','Tarde',0,'','2014-04-19 02:00:54','2014-04-19 02:00:54'),(118,'Monica Liliana',5,14193755,2999,1,3,48,'Santiago del Estero',1051,'','',NULL,0,25,NULL,'Colectivo empresa Benitez','280-456233','Docente',1,1,'Maestra de apoyo','Tarde',0,'','2014-04-19 02:13:06','2014-04-19 02:13:06'),(119,'Florencia Mabel Lizama',5,38517043,3346,3,3,17,'Antonio ostoich 1327 B° Abel Amaya ',0,'','',1,1,NULL,5,'Patagonia argentina','2975274864','Alumno',0,0,'','',0,'','2014-04-19 02:21:37','2014-04-19 02:21:37'),(120,'Williams María Ximena',5,40739372,3179,2,3,58,'José Berreta',1008,'','',5,1,20,NULL,'Transporte El 22 S.R.L.','02804420088','Alumno',0,0,'','',0,'','2014-04-19 02:59:01','2014-04-19 02:59:01'),(121,'ARIAS LUCAS DARIO',5,43004253,2787,2,3,17,'MIGUEL PRATT',339,'','',2,1,10,NULL,'PATAGONIA ARGENTINA','2974607407','Alumno',0,0,'','',0,'','2014-04-19 03:02:56','2014-04-19 03:02:56'),(122,'natalia maldonado',5,27698758,2787,1,3,48,'estivariz y capitan marzullo.s/n ',NULL,'','',NULL,0,70,NULL,'benitez','0280 154724394','Docente',1,1,'2','tarde',0,'','2014-04-19 03:31:55','2014-04-19 03:35:25'),(123,'maria esther gamero marengo',5,93283729,2950,3,3,58,'chacho peñaloza',1544,'','',NULL,1,25,NULL,'colectivo el 22','02804421029','Alumno',0,0,'','',0,'','2014-04-19 04:15:33','2014-04-19 04:15:33'),(124,'Hernandez contreras Dario Simon Agustin',5,37693845,3215,2,3,58,'Pasaje Las Heras',581,'','',5,1,-23,NULL,'Transporte El 22 ','280-154276330','Alumno',0,0,'','',0,'','2014-04-19 04:39:59','2014-04-19 04:39:59'),(125,'Saldivia Bausset Gonzalo Gabriel',5,40739416,3421,2,1,58,'Rondeau ',1715,'','',5,1,25,NULL,'El 22','154362220','Alumno',0,0,'','',0,'','2014-04-19 04:51:07','2014-04-19 04:51:07'),(126,'Analia Romina Rojas',5,36679730,3276,3,3,17,'Base Petrel ',690,'','',2,1,NULL,NULL,'Transporte Patagonia','297-154202542','Alumno',0,0,'','',0,'','2014-04-19 06:59:56','2014-04-19 07:00:23'),(127,'Ayelen Carmen Graciela Yapeleo',5,38143967,3346,3,1,58,'el maiten',4345,'','rawson',2,1,40,2,'el 22 SRL - El Ñandú SRL','2804817029','Alumno',0,0,'','',0,'','2014-04-19 07:03:39','2014-04-19 07:03:39'),(128,'romero cristina andre',5,42032691,3213,2,3,17,'malvinas ',1156,'','',2,1,70,7,'patagonia argentina','2974004096','Alumno',0,0,'','',0,'','2014-04-19 07:43:15','2014-04-19 07:43:15'),(129,'romero jonathan eduardo',5,44781660,2869,1,3,17,'malvina 1156',NULL,'','',5,1,50,5,'patagonia argentina','2974004096','Alumno',0,0,'','',0,'','2014-04-19 07:48:28','2014-04-19 07:48:28'),(130,'Antenao Juan Carlos Daniel ',5,33611139,2937,1,3,58,'fuerte viejo y rivadavia',0,'','',NULL,0,50,5,'trasporte urbano colectivo ','2804722825','Auxiliar de educación',0,0,'','',1,'escuela 151','2014-04-19 09:13:27','2014-04-19 09:13:27'),(131,'Bruno Ezequiel Aguinaga',5,43678446,3263,2,1,17,'Pasaje de Unamuno ',1138,'','',1,1,22,2,'Transporte Patagonia Argentina','4444033- (154312733)','Alumno',0,0,'','',0,'','2014-04-19 11:45:11','2014-04-19 11:45:11'),(132,'Jorge Andres  Aguinaga',5,41722005,3263,2,3,17,'Pasaje de Unamuno ',1138,'','',4,1,22,20,'Transporte Patagonia Argentina','4444033- (154312733)','Alumno',0,0,'','',0,'','2014-04-19 11:46:49','2014-04-19 11:46:49'),(133,'Ariel Nicolas  Aguinaga',5,42408682,3263,2,3,17,'Pasaje de Unamuno ',1138,'','',3,1,22,2,'Transporte Patagonia Argentina','4444033- (154312733)','Alumno',0,0,'','',0,'','2014-04-19 11:48:13','2014-04-19 11:48:13'),(134,'Laura Noemi  Aguinaga',5,38802777,3263,2,3,17,'Pasaje de Unamuno ',1138,'','',6,1,22,2,'Transporte Patagonia Argentina','4444033- (154312733)','Alumno',0,0,'','',0,'','2014-04-19 11:50:52','2014-04-19 11:50:52'),(135,'Mercado.Patricia Ethel',5,25619070,3189,2,3,17,'Juan Jose Paso',2135,'','',1,1,70,2,'Patagonia argentina','2974208091','Alumno',0,0,'','',0,'','2014-04-19 11:55:21','2014-04-19 12:05:43'),(136,'Walter Muzzio',5,24778069,3174,2,3,17,'Codigo1900 -RP 39',6,'','',NULL,0,NULL,9,'Diadema-Patagonia Argentina','0297156218767','Docente',1,1,'2do y 5to año','M y T',0,'','2014-04-19 12:15:29','2014-04-19 12:15:29'),(137,'Lucía Gabriela Muzzio',5,40092780,3174,2,3,17,'codigo1900 - RP 39',6,'','',11,1,NULL,9,'Diadema-Patagonia Argentina','0297155374958','Alumno',0,0,'','',0,'','2014-04-19 12:19:28','2014-04-19 12:19:28'),(138,'Esteban Gabriel Muzzio',5,41822615,3174,2,3,17,'codigo1900-RP 39',6,'','',8,1,NULL,9,'Diadema-Patagonia Argentina','029715537958','Alumno',0,0,'','',0,'','2014-04-19 12:21:30','2014-04-19 12:21:30'),(139,'Pablo Adrián Muzzio',5,43332869,3174,2,3,17,'codigo 1900-RP 39',6,'','',8,1,NULL,9,'Diadema-Patagonia Argentina','029715537958','Alumno',0,0,'','',0,'','2014-04-19 12:23:58','2014-04-19 12:23:58'),(140,'Martín Augusto Muzzio',5,45052480,3174,2,3,17,'codigo 1900-RP 39',6,'','',5,1,NULL,7,'Diadema-Patagonia Argentina','029715537958','Alumno',0,0,'','',0,'','2014-04-19 12:26:47','2014-04-19 12:26:47'),(141,'Huala Brian Alfredo',5,38626779,3280,3,3,39,'paraje entre ríos',NULL,'','cuchamen',2,1,NULL,170,'transporte Golondrinas','02945-654274','Alumno',0,0,'','',0,'','2014-04-19 12:39:08','2014-04-19 12:45:47'),(142,'Maximiliano Dario Galvan',5,42068812,3445,2,1,48,'Sauco',4028,'','',3,1,NULL,8,'Benitez Bellini','2804601997','Alumno',0,0,'','',0,'','2014-04-19 12:42:00','2014-04-19 12:42:00'),(143,'Maite Solana Galvan',5,43618207,3445,2,1,48,'Sauco',4028,'','',1,1,NULL,8,'Benitez Bellini','2804601997','Alumno',0,0,'','',0,'','2014-04-19 12:43:55','2014-04-19 12:43:55'),(144,'Julieta Carolina Galvan',5,38803131,3445,2,1,48,'Sauco',4028,'','',6,1,NULL,8,'Benitez Bellini','2804601997','Alumno',0,0,'','',0,'','2014-04-19 12:45:02','2014-04-19 12:45:02'),(145,'Lina Edna Ross.',5,41431324,3171,2,3,17,'',NULL,'','',NULL,0,NULL,NULL,'Patagonia Argentina','0297-154018768.','Alumno',0,0,'','',0,'','2014-04-19 12:46:51','2014-04-19 12:46:51'),(146,'Maria Jose Ortega Machesich',5,27639297,2870,1,3,48,'sarmiento y mitre',NULL,'','',NULL,0,40,NULL,'colectivo ','2645050157','Docente',1,1,'quinto y sexto','manana y tarde',0,'','2014-04-19 12:48:01','2014-04-19 12:48:01'),(147,'Nahuel Perez Ortega',5,43953314,3177,2,1,48,'Mitre e Hirigoyen',NULL,'','',1,1,50,NULL,'colectivo','2645050157','Alumno',0,0,'','',0,'','2014-04-19 12:51:49','2014-04-19 12:51:49'),(148,'Delia  Elizabeth Huequilef',5,25442760,2787,4,3,58,'Carlos Gardel entre Pellegrini y Soldado Ortega',NULL,'','',NULL,0,NULL,NULL,'El 22 srl','154599909','Auxiliar de educación',0,0,'','',1,'Escuela de Nivel Inicial 405','2014-04-19 12:58:02','2014-04-19 12:58:53'),(149,'Elias Facundo Maza',5,39897478,3171,2,3,17,'Buenos Aires',159,'','',6,1,NULL,8,'Patagonia Argentina','0297-154016692','Alumno',0,0,'','',0,'','2014-04-19 13:01:52','2014-04-19 13:01:52'),(150,'Augusto Maximiliano Ganduglia',5,37677093,3277,3,3,23,'Sin nombre - Barrio La Loma',0,'','',0,1,NULL,50,'28 de Julio (Dolavon-Trelew) 28 de julio y Rawson (Trelew-Rawson)','154651990','Alumno',0,0,'','',0,'','2014-04-19 13:05:22','2014-04-19 13:05:22'),(151,'Angelica Elizabeth Casarini',5,21871644,2813,1,3,17,'Bogota y El Salvador',845,'','',NULL,0,NULL,3,'Patagonia Argentina','o297-154016692','Docente',1,1,'2º y 5º','Mañana y tarde',0,'','2014-04-19 13:06:09','2014-04-19 13:06:09'),(152,'Danna Kuzmicki',5,41525869,3215,2,3,58,'Remedios de Escalada',1083,'','',4,1,17,NULL,'Empresa de transporte El 22','(0280)154575763','Alumno',0,0,'','',0,'','2014-04-19 13:08:08','2014-04-19 13:09:08'),(153,'Paula Yanina Bustamante Pacheco',5,34536047,3268,3,3,17,'José María Rodrigo ',133,'','',2,1,25,NULL,'Colectivo ','0297-154202630','Alumno',0,0,'','',0,'','2014-04-19 13:10:05','2014-04-19 13:10:05'),(154,'Bianca Nerea Brandan',5,44374575,2909,1,3,58,'edison',NULL,'','',6,1,14,1,'omnibus el 22','2804753929','Alumno',0,0,'','',0,'','2014-04-19 13:12:55','2014-04-19 13:12:55'),(155,'Analia Graciela Gonzalez',5,28855060,3375,4,1,58,'28 de julio',856,'','',NULL,0,15,1,'colectivo ','2804753929','Docente',1,1,'maestra de seccion','mañana y tarde',0,'','2014-04-19 13:16:02','2014-04-19 13:16:02'),(156,'GLADYS ESTHER MIÑO',5,17689819,3041,4,3,58,'ALEM ',240,'','',NULL,0,NULL,20,'28 DE JULIO','280 4491682','Docente',1,1,'NIVEL INICIAL','MAÑANA',0,'','2014-04-19 13:25:31','2014-04-19 13:25:31'),(157,'andrea fabiana manquel ',5,22495633,3473,4,3,49,'conesa ',NULL,'','',NULL,0,NULL,NULL,'empresa bahia playa union-rawson','154511785','Docente',1,1,'sala de 3 anos y lactantes','mann',0,'','2014-04-19 13:25:39','2014-04-19 13:25:39'),(158,'andrea fabiana manquel ',5,22,3473,4,3,49,'conesa ',NULL,'','',NULL,0,NULL,5,'empresa bahia playa union-rawson','154511785','Docente',1,1,'sala de 3 anos y lactantes','mañana y tarde',0,'','2014-04-19 13:28:19','2014-04-19 13:28:19'),(159,'Contreras Lucas Octavio',5,43678522,3224,2,3,17,'Teniente Merlo',2479,'','',1,1,NULL,6,'Patagonia Argentina','297 154603122','Alumno',0,0,'','',0,'','2014-04-19 13:31:12','2014-04-19 13:31:12'),(160,'LUCAS MARCELO DLUGAPOLSKI',5,40208653,3218,2,3,58,'RAMON Y CAJAL',350,'','',6,1,NULL,20,'28 DE JULIO','280 4491682','Alumno',0,0,'','',0,'','2014-04-19 13:31:37','2014-04-19 13:31:37'),(161,'María Sol Contreras',5,44849854,2787,1,3,17,'Teniente Merlo',2479,'','',5,1,NULL,9,'Patagonia Argentina','297 154603122','Alumno',0,0,'','',0,'','2014-04-19 13:34:43','2014-04-19 13:34:43'),(162,'JOAQUIN LUIS DLUGAPOLSKI',5,42844389,3218,1,3,58,'RAMON Y CAJAL',350,'','',2,1,NULL,20,'28 DE JULIO','280 4491682','Alumno',0,0,'','',0,'','2014-04-19 13:35:14','2014-04-19 13:35:14'),(163,'daiana agostina perdomo ',5,38046008,3455,3,1,1,'urquiza ',356,'','',3,1,NULL,NULL,'transporte rawson-trelew empresa rawson y 28 de julio','154511785','Alumno',0,0,'','',0,'','2014-04-19 13:40:22','2014-04-19 13:40:22'),(164,'JOSE AGUSTIN DLUGAPOLSKI',5,41793398,2787,2,3,23,'28 DE JULIO',699,'','',2,1,NULL,20,'28 DE JULIO','280 4491682','Alumno',0,0,'','',0,'','2014-04-19 13:41:25','2014-04-19 13:41:25'),(165,'nazarena alejandra perdomo ',5,41041135,3243,2,3,49,'playa union',NULL,'','',4,1,NULL,5,'empresa bahia ','154511785','Alumno',0,0,'','',0,'','2014-04-19 13:43:21','2014-04-19 13:43:21'),(166,'azul gabriela perdomo',5,46858507,2953,1,3,49,'ramon y Cajal',NULL,'','',3,1,NULL,5,'empresa bahia ','154511785','Alumno',0,0,'','',0,'','2014-04-19 13:45:39','2014-04-19 13:45:39'),(167,'alejandra anahi coronel',5,39438541,3224,2,3,17,'juan pozas nº 115 barrio saavedra',NULL,'','',6,1,26,1,'patagonia argentina s.a','297-154140415','Alumno',0,0,'','',0,'','2014-04-19 13:45:58','2014-04-19 13:45:58'),(168,'Nicolás Leal Ramírez',5,42636570,3200,2,3,58,'Pasaje Chubut ',245,'','',3,1,NULL,17,'Media Distancia','2804870639','Alumno',0,0,'','',0,'','2014-04-19 13:46:05','2014-04-19 13:46:05'),(169,'mateo agustin brizuela',5,43678670,3224,2,3,17,'juan pozas nº 115 barrio saavedra',NULL,'','',1,1,26,1,'PATAGONIA ARGENTINA S.A','297-155029029','Alumno',0,0,'','',0,'','2014-04-19 13:48:19','2014-04-19 13:48:19'),(170,'gabriela janet paris',5,40208945,3218,2,3,58,'nahuelquir',1400,'','',4,1,18,NULL,'transportes el 22','2804-4439079','Alumno',0,0,'','',0,'','2014-04-19 13:49:36','2014-04-19 13:49:36'),(171,'marcia isabel silva betancur',5,29260198,3274,3,3,58,'',NULL,'','',1,1,20,NULL,'transporte urbano el 22','154570074','Alumno',0,0,'','',0,'','2014-04-19 13:51:10','2014-04-19 13:51:57'),(172,'Matías Ernesto Crespo',5,37666270,3271,3,3,48,'Agustin Pujol',125,'','',1,1,0,65,'Mar y valle','2804203038','Alumno',0,0,'','',0,'','2014-04-19 13:51:13','2014-04-19 13:51:13'),(173,'sergio leonel paris',5,41220068,3218,2,3,58,'nahuelquir ',1400,'','',4,1,18,NULL,'transportes el 22','2804 4439079','Alumno',0,0,'','',0,'','2014-04-19 13:52:47','2014-04-19 13:54:42'),(174,'rodrigo alejandro navarro',5,41735030,3328,2,3,17,'juan pozas nº 115 barrio saavedra',NULL,'','',4,1,80,4,'PATAGONIA ARGENTINA S.A','297-154007394','Alumno',0,0,'','',0,'','2014-04-19 13:54:23','2014-04-19 13:54:23'),(175,'ricardo jorge ovando',5,20843395,2787,2,3,17,'cayelli',611,'','',NULL,0,40,0,'urbano linea 2, 4, y9','297155048713','Auxiliar de educación',0,0,'','',1,'colegio nº 738 y esc133','2014-04-19 13:57:33','2014-04-19 13:57:33'),(176,'brenda melanie paris',5,42133047,3218,2,3,58,'nahuelquir',1400,'','',2,1,18,NULL,'transportes el 22','2804-4439079','Alumno',0,0,'','',0,'','2014-04-19 13:58:42','2014-04-19 13:58:42'),(177,'Jose Maria Cracco',5,14718763,3274,3,3,48,'Fournier',545,'','',NULL,0,NULL,70,'28 de Julio / Mar y Valle','154620838','Docente',1,0,'','',0,'','2014-04-19 14:03:02','2014-04-19 14:03:02'),(178,'jonathan ezequiel paris',5,44083187,3215,2,3,58,'nahuelquir',1400,'','',1,1,20,NULL,'transportes el 22','2804-4439079','Alumno',0,0,'','',0,'','2014-04-19 14:03:30','2014-04-19 14:03:30'),(179,'rosana sofía arroyo',5,26548164,2794,1,3,48,'ecuador ',NULL,'parque liviano','parque liviano',NULL,0,NULL,NULL,'benite bellini','154640613','1',0,0,'','',0,'','2014-04-19 14:12:31','2014-04-19 14:12:31'),(180,'LILI BEATRIZ JARAMILLO',5,20434753,3540,3,3,49,'JUAN GOICOCHEA',7,'','',NULL,0,40,NULL,'TRASPORTE BAHÍA URBANO ','154578621','Auxiliar de educación',0,0,'','',1,'GREGORIO MAYO 256','2014-04-19 14:18:50','2014-04-19 14:18:50'),(181,'Ramón Ariel Maldonado',5,41793278,3179,2,3,58,'2 de abril ',1629,'49','',-3,1,30,NULL,'transporte el 22','2804588724','Alumno',0,0,'','',0,'','2014-04-19 14:22:45','2014-04-19 14:22:45'),(182,'Facundo Ezequiel Bystray',5,42970469,3227,2,3,17,'Saavedra ',875,'-','-',1,1,13,1,'Colectivo ','02974478951','Alumno',0,0,'','',0,'','2014-04-19 14:27:15','2014-04-19 14:27:15'),(183,'Nélida Noemi Quiliñan',5,16841879,3179,2,3,58,'2 de abri',1629,'49','',NULL,0,30,NULL,'transporte  el 22','2804588724','Auxiliar de educación',0,0,'','',1,'administración','2014-04-19 14:28:56','2014-04-19 14:28:56'),(184,'Daira Belén Carrizo',5,42316323,3215,2,3,58,'Pecoraro',441,'','',2,1,30,1,'El 22','4435342','Alumno',0,0,'','',0,'','2014-04-19 14:36:25','2014-04-19 14:36:25'),(185,'maria isabel cardozo',5,22203327,2826,1,3,58,'corrientes',550,'-','-',NULL,0,15,1,'transporte \"El 22\"','4444528','Docente',1,1,'3ª','mañana',0,'','2014-04-19 14:43:52','2014-04-19 14:43:52'),(186,'Natacha Elizabeth Pucheta',5,38805526,3257,2,3,48,'Dorrego y San Martin ',NULL,'','',6,1,40,20,'colectivo ','154724729','Alumno',0,0,'','',0,'','2014-04-19 14:45:31','2014-04-19 14:45:31'),(187,'Sergio Ariel Mora',5,39437131,3212,2,3,17,'Islas de los Estados',233,'','',3,1,30,3,'colectivo transporte patagonia','297-4483851','Alumno',0,0,'','',0,'','2014-04-19 14:46:55','2014-04-19 14:46:55'),(188,'Micaela Jacqueline Pucheta',5,41735216,3257,2,3,48,'Dorrego y San Martin',NULL,'','',4,1,40,20,'colectivo','280-4724729','Alumno',0,0,'','',0,'','2014-04-19 14:48:28','2014-04-19 14:48:28'),(189,'pamela tejada',5,407354367,3191,2,3,58,'lopez y  planes',374,'','',4,1,30,3,'linea 22','0280154392694','Alumno',0,0,'','',0,'','2014-04-19 14:48:54','2014-04-19 14:48:54'),(190,'Orrego Nicolás Gabriel',5,40109218,3328,2,1,17,'Alem',1113,'','',6,1,35,NULL,'Patagonia Argentina','0297154137550','Alumno',0,0,'','',0,'','2014-04-19 15:01:37','2014-04-19 15:01:37'),(191,'Aguirre Graciela',5,20531332,3233,2,3,17,'Mitre esquina Perito Moreno',100,'','',NULL,0,33,NULL,'Patagonia Argentina','0297154137550','Docente',1,1,'4 y 5','matutino y nocturno',0,'','2014-04-19 15:07:06','2014-04-19 15:07:06'),(192,'Maria soledad Lirusso',5,25172112,2954,1,3,48,'Santa cruz',1200,'','',NULL,0,25,5,'Benitez bellini','3543584278','Docente',1,1,'segundo','mañana',0,'','2014-04-19 15:08:29','2014-04-19 15:08:29'),(193,'Jose Luis Beovidez',5,24133899,2787,2,3,43,'',NULL,'','',NULL,0,NULL,200,'Empresa Don Otto o Mar y Valle','280 4 950 489','Docente',1,1,'1°, 2°, 3° y 4°','mañana',0,'','2014-04-19 15:12:23','2014-04-19 15:12:23'),(194,'MARTINEZ MARIA ALEJANDRA',5,22739528,3333,1,1,17,'AVENIDA  RIVADAVIA ',2520,'','',NULL,0,30,NULL,'TRANSPORTE PATAGONIA','0297 - 154393421','Docente',1,1,'5°   Y    1° ','MAÑANA  -  TARDE',0,'','2014-04-19 15:14:38','2014-04-19 15:15:46'),(195,'Valeria Belen Necul',5,38806877,3276,3,3,17,'Barrio Gral Mosconi_ Av.Lángara y Guillermo Cox',NULL,'','',1,1,NULL,15,'Patagonia Argentina','02804337170','Alumno',0,0,'','',0,'','2014-04-19 15:14:59','2014-04-19 15:14:59'),(196,'Necul Valenzuela Rocio Yolanda',5,37067675,3274,3,2,58,'Belgrano',NULL,'','',0,1,NULL,24,'Transporte 28 de Julio y transporte el 22','2804717513','Alumno',0,0,'','',0,'','2014-04-19 15:16:46','2014-04-19 15:16:46'),(197,'PANGUILEF LARA AILEN',5,45106037,3333,1,1,17,'AVENIDA RIVADAVIA',2520,'','',5,1,NULL,NULL,'TRANSPORTE PATAGONIA','0297 - 154393421','Alumno',0,0,'','',0,'','2014-04-19 15:21:53','2014-04-19 15:22:20'),(198,'PANGUILEF  FATIMA  AIN',5,47044271,3333,1,1,17,'AVENIDA RIVADAVIA',2520,'','',3,1,30,NULL,'TRANSPORTE PATAGONIA','0297 - 154393421','Alumno',0,0,'','',0,'','2014-04-19 15:24:41','2014-04-19 15:24:41'),(199,'sara pilquiman',5,18238373,3274,3,3,58,'pellegrini ',390,'','',NULL,0,25,2.5,'transporte urbano \"el 22\"','4426567','Auxiliar de educación',0,0,'','',1,'','2014-04-19 15:25:47','2014-04-19 15:25:47'),(200,'PANGUILEF CAMILA ALUHE',5,47673858,3333,1,1,17,'AVENIDA RIVADAVIA',2520,'','',2,1,30,NULL,'TRANSPORTE PATAGONIA','0297 - 154393421','Alumno',0,0,'','',0,'','2014-04-19 15:26:28','2014-04-19 15:26:28'),(201,'Sofia Elizabeth Carriqueo',5,31939761,3121,2,3,60,'Ap - Iwan ',838,'','',NULL,0,NULL,25,'Transporte Jacobsen','2945444545','Docente',1,1,'MIL','mañana-tarde',0,'','2014-04-19 15:29:25','2014-04-19 15:29:25'),(202,'de la cruz jorge',5,33176838,3211,2,1,58,'paso de indios',4105,'','',NULL,0,70,NULL,'colectivo urbano   empresa: el 22','4446037','Docente',1,1,'1º , 2º y 5º','mañana y tarde',0,'','2014-04-19 15:39:10','2014-04-19 15:39:10'),(203,'Paula Alejandra Torrelio',5,29035511,3102,1,3,58,'Italia',462,'','',NULL,0,25,NULL,'Servicio urbano de Trelew ','154575143','Docente',0,0,'','',0,'','2014-04-19 15:40:52','2014-04-19 15:40:52'),(204,'Alexis Manuel Ramos',5,46859334,3327,1,1,17,'Pasaje Dorrego 542',823,'-','-',3,1,NULL,NULL,'Patagonia','0297154125777','Alumno',0,0,'','',0,'','2014-04-19 15:41:58','2014-04-19 15:42:58'),(205,'Graciela Carina Ramos',5,23896927,3268,3,3,17,'Costa Rica',780,'-','-',1,1,NULL,NULL,'Patagonia','0297154615230','Alumno',0,0,'','',0,'','2014-04-19 15:45:14','2014-04-19 15:45:14'),(206,'Maximiliano Martinez',5,39436996,3327,2,1,17,'Costa Rica',780,'-','-',3,1,NULL,NULL,'Patagonia','0297154125777','Alumno',0,0,'','',0,'','2014-04-19 15:50:00','2014-04-19 15:50:00'),(207,'juancruz villar',5,47934994,2806,1,3,47,'embarcacion aguaraaguazu ',251,'','',2,1,NULL,10,'empresa bahia','02804498186','Alumno',0,0,'','',0,'','2014-04-19 15:50:52','2014-04-19 15:50:52'),(208,'Claudia Fabiola RAMOS',5,30766273,3273,3,3,17,'Costa Rica',780,'-','-',1,1,NULL,NULL,'Patagonia','0297154776419','Alumno',0,0,'','',0,'','2014-04-19 15:51:56','2014-04-19 15:51:56'),(209,'Lautaro Leonel LUJAN BIDONDO',5,42771944,3168,2,1,31,'pasaje el Condor ',1849,'','',2,1,30,3,'Transporte urbano -  Acevedo ','02945-15527464','Alumno',0,0,'','',0,'','2014-04-19 15:57:02','2014-04-19 15:57:02'),(210,'Alberto Angel Morales',5,31581442,3273,3,3,17,'Costa Rica',780,'-','-',1,1,NULL,NULL,'Patagonia','0297154030448','Alumno',0,0,'','',0,'','2014-04-19 15:57:18','2014-04-19 15:57:18'),(211,'tamara elizabeth villar',5,32887802,3481,4,2,47,'embarcacion aguaraguazu ',251,'','',NULL,0,NULL,10,'empresa baahia','0280 154823140','Auxiliar de educación',0,0,'','',1,'jardin maternal','2014-04-19 15:57:46','2014-04-19 16:06:50'),(212,'Souza Mariñas Leandro',5,40872059,3219,2,1,49,'',NULL,'','',5,1,NULL,7,'Transporte Bahia','154593228','Alumno',0,0,'','',0,'','2014-04-19 15:59:00','2014-04-19 15:59:00'),(213,'Liliana Mabel VARGAS',5,23,2787,2,3,17,'Liniers',650,'','',NULL,0,28,3.5,'transporte Patagonia Argentina','0297-4443700','Auxiliar de educación',0,0,'','',1,'E.P.T. Nº 749','2014-04-19 15:59:47','2014-04-19 15:59:47'),(214,'Souza Mariñas Gabriel',5,39436997,3219,2,1,49,'',NULL,'','',3,1,NULL,7,'Transporte Bahia','154593228','Alumno',0,0,'','',0,'','2014-04-19 16:00:13','2014-04-19 16:00:13'),(215,'Agustin Ezequiel LUJAN BIDONDO',5,41597378,2787,2,3,31,'Pasaje El Condor ',1849,'','',5,1,30,3,'Transporte urbano-Acevedo','2945527464','Alumno',0,0,'','',0,'','2014-04-19 16:00:31','2014-04-19 16:00:31'),(216,'Ruiz Natalia Valeria',5,25974371,3169,3,1,49,'',NULL,'','',6,1,NULL,7,'Transporte Bahia','154593228','Alumno',0,0,'','',0,'','2014-04-19 16:02:04','2014-04-19 16:02:04'),(217,'Yamila Soledad Escobar',5,35410423,3272,3,3,58,'Pasaje Ceballos 257 entre Mitre y Rivadavia',NULL,'1','',4,1,25,2,'El 22 SRL','280-154629388','Alumno',0,0,'','',0,'','2014-04-19 16:10:17','2014-04-19 16:10:17'),(218,'alicia del carmen espinoza saez',5,18889865,3274,3,3,58,'Belgrano  n° 2200 ',NULL,'','',-2,1,50,NULL,'utilizo 3 lineas 3 ,  y 1 o 2','02804670877','Alumno',0,0,'','',0,'','2014-04-19 16:12:39','2014-04-19 16:19:42'),(219,'Silvia Soledad Parisi',5,29416502,3191,2,2,58,'San Martín ',2035,'','',NULL,0,33,3.3,'Linea 2,linea 1,linea 4 (transportes el 22)','(280)154641637','Docente',1,1,'4ºaño y 5ºaño','Mañana Y Tarde',0,'','2014-04-19 16:13:36','2014-04-19 16:13:36'),(220,'Melisa Elizabeth Becerra',5,33222419,3274,3,3,58,'Belgrano',NULL,'','',3,1,30,3,'transporte el 22','4432097','Alumno',0,0,'','',0,'','2014-04-19 16:15:09','2014-04-19 16:15:09'),(221,'seila victoria gonzalez',5,35357236,2800,4,1,17,'roca ',NULL,'1','',NULL,0,NULL,NULL,'colectivo hurbano ','','Docente',0,0,'','',0,'','2014-04-19 16:15:27','2014-04-19 16:15:27'),(222,'noelia soledad villarreal',5,30580286,3116,1,3,48,'roberto gomez ',NULL,'','',NULL,0,NULL,NULL,'transporte empresa rawson, 28 de julio y mar y valle','02804324094','Docente',0,0,'','',0,'','2014-04-19 16:16:52','2014-04-19 16:16:52'),(223,'lautaro joaquin prenassi',5,37338460,3274,3,3,58,'belgrano 2200',NULL,'','',2,1,NULL,17,'28 de julio, empresa rawson, linea 22','2804713628','Alumno',0,0,'','',0,'','2014-04-19 16:20:51','2014-04-19 16:20:51'),(224,'Rodrigo Matias Fritz',5,36718910,2787,3,3,17,'Bº San Cayetano Calle Daniel Omar Segura ',2031,'','',1,1,30,3,'Transporte Publico de Pasajeros','4462188 - 2974149757','Alumno',0,0,'','',0,'','2014-04-19 16:21:48','2014-04-19 16:21:48'),(225,'Daisi Pamela Giselle Mansilla',5,36334585,3274,3,3,58,'Belgrano',NULL,'','2200',4,1,35,NULL,'Colectivo','280 4320107','Alumno',0,0,'','',0,'','2014-04-19 16:22:17','2014-04-19 16:22:17'),(226,'lourdes tamara jara',5,38518306,3274,3,3,58,'belgrano 2200',NULL,'','',1,1,NULL,NULL,'empresa el 22','154695757','Alumno',0,0,'','',0,'','2014-04-19 16:24:44','2014-04-19 16:24:44'),(227,'Delfina BARDON',5,40206092,3331,2,1,17,'Codigo 1211 - Casa 50',208,'','',1,1,NULL,6,'Transporte PATAGONIA ARGENTINA','0297 - 4156089','Alumno',0,0,'','',0,'','2014-04-19 16:25:19','2014-04-19 16:25:19'),(228,'Cecilia Eliana Alegre',5,32485252,3254,2,3,58,'Donald Borsella',1553,'','',NULL,0,50,5,'Colectivo Urbano Transportes el 22','2804334225','Docente',1,1,'4to y 5to año ','mañana y tarde',0,'','2014-04-19 16:32:26','2014-04-19 16:32:26'),(229,'flavia alejandra ceron',5,24811395,2787,3,1,58,'estados arabes y paraiso ~ B los aromos',48,'','',4,1,20,NULL,'urbano','2804320729','Alumno',0,0,'','',0,'','2014-04-19 16:33:37','2014-04-19 16:33:37'),(230,'Sergio David Paileman',5,25710664,3274,3,3,58,'ecuador ',NULL,'','873',2,1,40,4,'transporte urbano',' 2804308625','Alumno',0,0,'','',0,'','2014-04-19 16:41:53','2014-04-19 16:47:14'),(231,'Darko Emir Gallardo',5,41793851,3573,1,3,17,'AVDA JUAN XXIII',2963,'','',2,1,12,NULL,'','PATAGONIA ARGENTINA','Alumno',0,0,'','',0,'','2014-04-19 16:42:23','2014-04-19 16:42:23'),(232,'sofia sena',5,35171566,3267,3,2,49,'colangelo y pairo ',58,'','rawson',2,1,35,NULL,'urbano  bahia srl ','2804580368','Alumno',0,0,'','',0,'','2014-04-19 16:51:32','2014-04-19 16:51:32'),(233,'Rubilar Maria Belén',5,37149020,2787,3,2,58,'Moreno',1140,'','',1,1,NULL,NULL,'Transportes el 22','14555257','Alumno',0,0,'','',0,'','2014-04-19 16:56:40','2014-04-19 17:02:54'),(234,'Rocio Belen Rodriguez Cappai',5,40808552,3200,2,3,32,'chacra 175 Bryn Gwyn Gaiman',NULL,'','',5,1,NULL,15,'28 de JULIO  y Transporte el 22','0280 4443581','Alumno',0,0,'','',0,'','2014-04-19 17:02:08','2014-04-19 17:07:16'),(235,'NATALI COLLADO',5,42699554,3181,2,3,58,'RAWSON Y MITRE ',351,'1','',3,1,10,1,'URBANO','280 4429906','Alumno',0,0,'','',0,'','2014-04-19 17:05:24','2014-04-19 17:05:24'),(236,'marcela severo',5,32650282,3267,3,3,58,'',NULL,'','',3,1,50,NULL,'transporte El 22','2804648165','Alumno',0,0,'','',0,'','2014-04-19 17:05:48','2014-04-19 17:05:48'),(237,'Maria Fernanda Contretas',5,31369054,3271,3,3,49,'',NULL,'','',4,1,NULL,20,'Empresa Rawson, 28 de julio','2804303676','Alumno',0,0,'','',0,'','2014-04-19 17:06:45','2014-04-19 17:06:45'),(238,'bonicatto nicolas alejandro',5,38803626,3170,2,3,48,'villegas',NULL,'','',5,1,20,NULL,'benitez ','154398573','Alumno',0,0,'','',0,'','2014-04-19 17:07:37','2014-04-19 17:07:37'),(239,'rocio belen sandoval',5,37147703,2787,3,1,49,'b rio chubut thompson 619',NULL,'','',1,1,NULL,NULL,'transporte rawson y transporte 28 de julio','02804825209','Alumno',0,0,'','',0,'','2014-04-19 17:08:24','2014-04-19 17:08:24'),(240,'Lucia Micol Rodriguez Cappai',5,43988456,3200,2,3,32,'chacra 175 Bryn Gwyn Gaiman',NULL,'','',1,1,NULL,15,'28 de JULIO  y Transporte el 22','0280 4443581','Alumno',0,0,'','',0,'','2014-04-19 17:09:19','2014-04-19 17:09:19'),(241,'Kira Alexandra Vaughan',5,351717637,3455,3,1,58,'Urquiza 356',NULL,'','',3,1,NULL,NULL,'Colectivo de linea Empresa rawson y 27 de julio','2804835963','Alumno',0,0,'','',0,'','2014-04-19 17:12:12','2014-04-19 17:12:12'),(242,'Gallegos, Ayelén Fabiola',5,37067644,3274,3,3,58,'Barrio Menfa O´higgins ',361,'','',2,1,60,10,'transporte urbano Nº 22','2804817478 o 446612','Alumno',0,0,'','',0,'','2014-04-19 17:13:48','2014-04-19 17:13:48'),(243,'lorena andrea mansilla',5,36757014,3346,3,1,49,'caballito criollo',796,'','',3,1,300,20,'empresa rawson','2804375277','Alumno',0,0,'','',0,'','2014-04-19 17:15:46','2014-04-19 17:15:46'),(244,'mirta guzman',5,12593484,3146,1,3,17,'Dorrego',1620,'','',NULL,0,0,NULL,'Patagonia Argentina','0297-154776039','Docente',1,1,'ciclo multiples','mañana, tarde y vespertino',0,'','2014-04-19 17:18:02','2014-04-19 17:18:02'),(245,'pablo bruno escobar',5,33772286,2787,2,3,58,'pecoraro entre san martin y 28 de julio',NULL,'','',2,1,20,2,'colectivo','154848986','Alumno',0,0,'','',0,'','2014-04-19 17:19:44','2014-04-19 17:19:44'),(246,'Brenda Giselle Grenier',5,37550840,3346,3,3,58,'Rio Senguer',416,'','',1,1,40,NULL,'transporte urbano El 22','02804446106','Alumno',0,0,'','',0,'','2014-04-19 17:21:18','2014-04-19 17:21:18'),(247,'Jorge Luis Carrizo ',5,33769038,3271,3,3,48,'Luis María Campos',140,'','',4,1,NULL,65,'Línea 28 de julio y Transporte Mar y Valle ','4455003','Alumno',0,0,'','',0,'','2014-04-19 17:21:33','2014-04-19 17:21:33'),(248,'seitz Florencia',5,37550716,3267,3,3,58,'',NULL,'','',1,1,40,0,'SRL el 22e','','Alumno',0,0,'','',0,'','2014-04-19 17:22:12','2014-04-19 17:22:12'),(249,'GLADYS VANESA DI GREGORIO',5,25544923,3200,2,3,32,'CHACRA 175',NULL,'','',NULL,0,NULL,20,'CEFERINO Y 28 DE JULIO','280164610830','Docente',1,1,'Segundos, terceros y quinto años','MAÑANA Y TARDE',0,'','2014-04-19 17:22:19','2014-04-19 17:24:34'),(250,'noelia elizabeth mansilla',5,34766704,3273,3,3,17,'dorrego',1637,'pb','b',1,0,NULL,NULL,'transporte patagonia argentina','2974606707','Alumno',0,0,'','',0,'','2014-04-19 17:24:08','2014-04-19 17:24:08'),(251,'Jessica Yanina Aguilera',5,33772481,3274,3,2,58,'Costa Rica ',965,'','',1,1,33,NULL,'Transporte 22','280-4428931','Alumno',0,0,'','',0,'','2014-04-19 17:26:27','2014-04-19 17:26:27'),(252,'Johana Gonzalez',5,32954462,3197,3,3,58,'belgrano',NULL,'','',NULL,0,NULL,NULL,'transporte el 22- linea 28 de julio','154654235','Alumno',0,0,'','',0,'','2014-04-19 17:28:06','2014-04-19 17:28:06'),(253,'ALEJANDRO AYLLAPAN',5,33059133,3271,3,3,58,'MITRE ',1013,'1','1',2,1,50,4,'TRANSPORTE URBANO 22','2804402721','Alumno',0,0,'','',0,'','2014-04-19 17:28:43','2014-04-19 17:28:43'),(254,'Verónica Paola Treuquil',5,31914587,3274,3,3,58,'Pellegrini',390,'','',4,1,100,10,'\"El 22\"','2804845721','Alumno',0,0,'','',0,'','2014-04-19 17:29:56','2014-04-19 17:29:56'),(255,'CINTHIA ANABELLA FINOQUETTO',5,40206029,2820,2,3,17,'CODIGO 2426 Barrio STANDART NORTE',1457,'','',2,1,NULL,8,'PATAGONIA ARGENTINA S.R.L.','0297154124125','Alumno',0,0,'','',0,'','2014-04-19 17:30:13','2014-04-19 17:30:13'),(256,'amancay ayelen lillo ',5,35887014,2911,3,3,58,'pasaje san luis',479,'1','3',4,1,NULL,NULL,'interurbano','154846706','Alumno',0,0,'','',0,'','2014-04-19 17:31:09','2014-04-19 17:31:09'),(257,'berwyn fiorella nicole ',5,38143956,2800,3,3,58,' mussio j     \"  ETVN  N  2  ingeniero Juan Domingo Pio',225,'primer ','',2,1,NULL,16,'transporte rawson y transporte bahia- 28 de julio','0280154846868','Alumno',0,0,'','',0,'','2014-04-19 17:31:15','2014-04-19 17:31:15'),(258,'Ochoa Renzo Ariel',5,33769447,3271,3,3,58,'Roque González y José Berreta',NULL,'','',4,1,NULL,65,'Colectivo interurbano ','2804639095','Alumno',0,0,'','',0,'','2014-04-19 17:31:44','2014-04-19 17:31:44'),(259,'Pedro Revuelta García',5,44410626,3325,1,1,58,'Juncal ',1452,'','',6,1,18,NULL,'Transporte el 22','2804588881','Alumno',0,0,'','',0,'','2014-04-19 17:32:07','2014-04-19 17:32:07'),(260,'ARISPE SILVINA DEL CARMEN',5,28,2787,3,3,58,'LOPEZ Y PLANES ',1661,'','',1,1,31,NULL,'EL 22','154379191','Alumno',0,0,'','',0,'','2014-04-19 17:32:48','2014-04-19 17:32:48'),(261,'Paola Soledad Donato Herrera',5,32219960,2791,1,3,58,'13 de Julio ',1312,'','',NULL,0,40,4,'Transporte el 22','0280-154578676','Docente',1,1,'6','Mañana',0,'','2014-04-19 17:34:32','2014-04-19 17:34:32'),(262,'Franco Roberto Acosta',5,37067971,3271,3,3,58,' Roque González y José Berreta',NULL,'','',1,1,30,3,'Transporte Urbano e Interurbano','280 - 4616300','Alumno',0,0,'','',0,'','2014-04-19 17:34:36','2014-04-19 17:34:36'),(263,'Analía Laura García',5,20202064,3214,2,3,58,'Juncal ',1452,'','',NULL,0,18,NULL,'Transporte el 22','2804588881','Docente',1,0,'','',0,'','2014-04-19 17:35:14','2014-04-19 17:38:24'),(264,'amaro karina  beatriz',5,26299234,3036,4,3,60,'sarmiento',580,'','',NULL,0,18,NULL,'transporte jacobsen','294515531309','Docente',1,1,'sala de 5 años ','tarde',0,'','2014-04-19 17:37:22','2014-04-19 17:37:22'),(265,'Maria Valentina Golia',5,38801255,2911,3,2,58,'Fuerte viejo 816',NULL,'','',1,1,20,NULL,'transporte 22','280-154846160','Alumno',0,0,'','',0,'','2014-04-19 17:39:38','2014-04-19 17:39:38'),(266,'hernandez amaro benjamin',5,49454458,3036,1,3,60,'sarmiento ',580,'','',4,1,18,NULL,'transporte jacobsen','2945531309','Alumno',0,0,'','',0,'','2014-04-19 17:39:44','2014-04-19 17:39:44'),(267,'Oscar Daniel Cayecul',5,35887316,3271,3,3,47,'Roque González y José Berreta ',NULL,'','',3,1,200,20,'Empresa Rawson; Empresa 28 de Julio; y Empresa Bahia.','2804627207','Alumno',0,0,'','',0,'','2014-04-19 17:40:15','2014-04-19 17:40:15'),(268,'Nicolas Joaquin Cortes ',5,37942339,3271,3,3,49,'Manuela Pedraza ',903,'','',1,1,220,22,'Linea Rawson y linea 28 de julio','2804-857778','Alumno',0,0,'','',0,'','2014-04-19 17:40:19','2014-04-19 17:40:19'),(269,'Paola Marcela Araneda',5,35226360,3271,3,3,58,'Roque González y José Berreta',NULL,'','',3,1,NULL,NULL,'El 22','','Alumno',0,0,'','',0,'','2014-04-19 17:40:35','2014-04-19 17:40:35'),(270,'Hernandez Romina Giselle',5,35887512,2787,3,3,58,'Belgrano ',2200,'','',1,1,30,3,'Publico','28044637987','Alumno',0,0,'','',0,'','2014-04-19 17:41:41','2014-04-19 17:41:41'),(271,'aguirre avila irene raquel',5,13733980,3055,4,3,49,'Federicci - barrio  San Pablo ',780,'','',NULL,0,29,NULL,'transporte rawson y transporte bahia- 28 de julio','0280154846868','Auxiliar de educación',0,0,'','',1,'ayudante de  cocina ','2014-04-19 17:43:56','2014-04-19 17:44:31'),(272,'Maria Victoria Labolita',5,24913793,2787,3,3,58,'Berreta y Roque Gonzales',NULL,'','',NULL,0,NULL,70,'MAR Y VALLE/ 28 DE JULIO/ BENITEZ BELLINI','154692677','Docente',1,1,'profesorado','vespertino',0,'','2014-04-19 17:44:02','2014-04-19 17:44:02'),(273,'Ludmila Andrea Heinzman',5,35989549,3271,3,3,48,'',NULL,'','',2,1,NULL,70,'transporte Benitez Bellini, Transporte Mar y Valle, 28 de Julio','0280154332685','Alumno',0,0,'','',0,'','2014-04-19 17:45:34','2014-04-19 17:45:34'),(274,'Genoveva Cabrera Perez',5,33345350,3271,3,3,58,'roque gonzalez y jose berreta',NULL,'','',2,1,35,NULL,'el 22','154419572','Alumno',0,0,'','',0,'','2014-04-19 17:45:39','2014-04-19 17:45:39'),(275,'GESELLA HORTENCIA GONZALEZ',5,38505526,2787,3,1,58,'DON BOSCO ',647,'','',1,1,4,NULL,'TRANPORTE HURBANO','2804513277','Alumno',0,0,'','',0,'','2014-04-19 17:52:28','2014-04-19 17:52:28'),(276,'Gerardo Mauricio Abregú',5,30069861,3262,2,3,58,'B° 252 Viviendas (alt. Av. Yrigoyen 1750)',13,'2','141',NULL,0,NULL,20,'Inter urbano: Emp Rawson y 28 de Julio','280-154542888','Docente',1,1,'','Tarde',0,'','2014-04-19 17:55:28','2014-04-19 17:55:28'),(277,'Daiana Belen Viola',5,38292496,3274,3,3,48,'Inacayal 140',NULL,'','C',3,1,NULL,71,'Colectivo ','4471643','Alumno',0,0,'','',0,'','2014-04-19 18:02:48','2014-04-19 18:02:48'),(278,'claudia Isolina Mancilla',5,2209800,2787,1,3,58,'costa rica',1,'','',NULL,0,NULL,NULL,'transporte el 22','2804537394','Auxiliar de educación',0,0,'','',1,'escuela n*53 del B*comercio de Trelew','2014-04-19 18:03:24','2014-04-19 18:25:57'),(279,'Paula Andrea Marinho',5,24163551,3045,4,3,58,'',NULL,'','',NULL,0,0,4,'Transporte El 22','154559410','Docente',0,0,'','',0,'','2014-04-19 18:05:42','2014-04-19 18:05:42'),(280,'ALEJANDRA MARÍA MÉNDEZ',5,16399232,3197,3,3,48,'NAMUNCURÁ ',787,'','',2,1,NULL,60,'LÍNEA 28 DE JULIO','0280154275077','Alumno',0,0,'','',0,'','2014-04-19 18:06:26','2014-04-19 18:07:34'),(281,'Mauricio Oscar Contreras Diocarets',5,34766701,3271,1,3,58,'Thomas Guido',28,'','',2,1,30,3,'Transportes el 22','2804426665','Alumno',0,0,'','',0,'','2014-04-19 18:06:50','2014-04-19 18:06:50'),(282,'Florencia Analia Sepúlveda',5,38442352,3455,3,1,58,'Urquiza ',356,'','',1,1,NULL,65,'Colectivo Mar y Valle, 28 de julio','2804609453','Alumno',0,0,'','',0,'','2014-04-19 18:08:47','2014-04-19 18:09:41'),(283,'PATRICIA POGGI',5,25138096,3214,2,3,1,'25 DE MAYO ',390,'','',NULL,0,30,NULL,'Transporte 22','154338000','Docente',1,1,'3° año','Mañana',0,'','2014-04-19 18:11:30','2014-04-19 18:11:30'),(284,'Veronica Lucia Lagos ',5,32641288,3271,3,3,48,'',NULL,'','',2,1,NULL,80,'Mar y Valle ','2804854296','Alumno',0,0,'','',0,'','2014-04-19 18:11:38','2014-04-19 18:11:38'),(285,'graciana andrea catrilaf',5,33287252,3267,3,3,58,'25 mayo',NULL,'','',2,1,39,NULL,'transporte urbano','0280 154377331','Alumno',0,0,'','',0,'','2014-04-19 18:14:09','2014-04-19 18:14:09'),(286,'Marcos Alexis Agüero',5,36392922,3271,3,3,58,'Roque González y José Berreta',0,'','',3,1,40,4,'Transporte El 22','4429482','Alumno',0,0,'','',0,'','2014-04-19 18:15:36','2014-04-19 18:15:36'),(287,'Enzo agustín romeo',5,40208512,3243,2,3,58,'tomas Davies ',227,'','',4,1,NULL,21,'empresa bahía, rawson y el 22','2804359723','Alumno',0,0,'','',0,'','2014-04-19 18:15:40','2014-04-19 18:15:40'),(288,'Sarai Denise Brunt',5,42,3218,2,3,58,'Ramon y Cajal',NULL,'1*','1',2,0,NULL,NULL,'Trans. El 22','154709048 - 154559410','Alumno',0,0,'','',0,'','2014-04-19 18:17:07','2014-04-19 18:17:07'),(289,'moises abel meliñanco',5,28236118,2908,1,3,58,'alem y lewis jones',NULL,'','',NULL,0,48,NULL,'transporte urbano','0280 154377331','Docente',1,1,'primero, segundo, tercero, cuarto y quinto ','mañana',0,'','2014-04-19 18:18:32','2014-04-19 18:18:32'),(290,'juan Ignacio romeo',5,41017180,3215,2,3,58,'tomas Davies ',227,'','',4,1,25,NULL,'empresa el 22 urbano ','2804359722 ','Alumno',0,0,'','',0,'','2014-04-19 18:18:59','2014-04-19 18:18:59'),(291,'MARIANA AGUIRRE',5,43480791,3174,2,3,17,'IGUAZU ',182,'0','0',1,1,10,NULL,'PATAGONIA ARGENTINA','4068791','Alumno',0,0,'','',0,'','2014-04-19 18:19:33','2014-04-19 18:19:33'),(292,'Lourdes Urtizberea Monti',1,42970074,3197,2,3,58,'Belgrano',2200,'............................','..................................',2,1,10,NULL,'Transporte el 22','154 529192--','Alumno',0,0,'','',0,'','2014-04-19 18:21:36','2014-04-19 18:22:58'),(293,'Rocio Aylén Cruz',5,45380504,2870,1,3,48,'Juan XXIII  (Bº Comercio 2 Casa Nº3)',913,'','',5,1,18,NULL,'COLECTIVO','2804329480','Alumno',0,0,'','',0,'','2014-04-19 18:23:38','2014-04-19 18:23:38'),(294,'MORAÑA LORENA ANABEL',5,33611093,3274,3,3,58,'PELLEGRINI ESQUNA SAN MARTIN',NULL,'','',1,1,15,NULL,'TRANSPORTE EL 22','2804037963','Alumno',0,0,'','',0,'','2014-04-19 18:24:56','2014-04-19 18:27:02'),(295,'Jessica Anahi Williams',5,36393060,3324,3,3,58,'pedriel 33 barrio 12 de octubre casa 19',33,'','',3,1,NULL,16,'colectivo','2804276147','Alumno',0,0,'','',0,'','2014-04-19 18:27:01','2014-04-19 18:27:01'),(296,'BLANCA ESTHER BOLDRINI',5,11,3190,3,3,17,'RIVADAVIA ',2166,'1','1',NULL,0,0,3,'PATAGONIA ARGENTINA','(297)156252366','Docente',1,0,'','',0,'','2014-04-19 18:27:30','2014-04-19 18:27:30'),(297,'pamela haydee williams',5,35603977,3455,3,1,58,'pedriel casa 19',33,'','',1,1,12,NULL,'colectivo','2804375340','Alumno',0,0,'','',0,'','2014-04-19 18:30:14','2014-04-19 18:30:14'),(298,'Fabiana Beatriz Riveiro',5,17643965,3037,4,3,58,'Nicaragua y Thomas Guido',NULL,'','',NULL,0,30,3,'Transporte Urbano','280 - 4572350','Docente',1,1,'4','Mañana',0,'','2014-04-19 18:38:32','2014-04-19 18:38:32'),(299,'Sergio Daniel Reuque',5,42771338,3208,2,3,48,'Moreno y 25 de Mayo',NULL,'','',3,1,20,1,'Empresa de Transportes Bellini','154352474','Alumno',0,0,'','',0,'','2014-04-19 18:39:42','2014-04-19 18:39:42'),(300,'Mateo Emanuel Reuque',5,48683996,2870,1,3,48,'Sarmiento',268,'','',1,1,15,NULL,'Empresa de Transportes Bellini','154352474','Alumno',0,0,'','',0,'','2014-04-19 18:41:21','2014-04-19 18:41:21'),(301,'Mariana Elizabeth Paileman',5,35887805,2787,3,3,58,'Ceferino Namuncurá ',2424,'','',2,1,25,3,'Transporte el 22','2804418046','Alumno',0,0,'','',0,'','2014-04-19 18:44:29','2014-04-19 18:44:29'),(302,'sdasdas2101201030',5,37203488,2818,3,1,1,'',-1,'','',7,1,NULL,NULL,'','','Alumno',0,0,'','',0,'','2014-04-19 18:44:41','2014-04-19 18:44:41'),(303,'sdasdas2101201030',5,-1,2818,3,1,1,'',-1,'','',-6,1,NULL,NULL,'','','Alumno',0,0,'','',0,'','2014-04-19 18:46:12','2014-04-19 18:46:12'),(304,'Yahel Daniela GONZALEZ',5,43079337,3420,2,1,49,'Jorge Newbery -Playa Unión ',1021,'','',2,1,NULL,6,'Empresa de Transporte Bahía ','280 4498522','Alumno',0,0,'','',0,'','2014-04-19 18:54:15','2014-04-19 18:54:15'),(305,'cynthia yanina vilàn',5,34488640,3271,3,3,58,'jujuy norte',488,'','',4,1,NULL,4,'transporte el 22','2804586383','Alumno',0,0,'','',0,'','2014-04-19 18:54:20','2014-04-19 18:54:20'),(306,'MANUELA ANDREA BARRIENTOS',5,31211527,3161,3,3,17,'EULOGIO POZZI ',156,'','',-1,0,NULL,NULL,'PATAGONIA ARGENTINA','0297154929408','Alumno',0,0,'','',0,'','2014-04-19 18:54:51','2014-04-19 18:54:51'),(307,'Cristina Isabel Antiñanco',5,27363962,3115,1,3,58,'Av. Juan Domingo Perón ',22,'','',NULL,0,NULL,23,'28  de Julio, Empresa Rawson, Transporte BAHÍA','154534986','Docente',1,1,'Educación Especial ','Mañana',0,'','2014-04-19 18:55:50','2014-04-19 18:55:50'),(308,'Renata Laura Ciani',5,33,2911,3,3,58,'Cacique Inacayal ',NULL,'','1652',4,1,30,3,'colectivo el 22 SRL','0280-4847307','Alumno',0,0,'','',0,'','2014-04-19 18:58:32','2014-04-19 18:58:32'),(309,'Erika Carolina Jofre',5,36760464,3272,4,3,49,'Roque González y José Berreta',NULL,'','',2,1,NULL,20,'Empresa Rawson-28 de Julio','2966210048','Alumno',0,0,'','',0,'','2014-04-19 19:02:18','2014-04-19 19:02:18'),(310,'MIRIAM AYLEN BARRIENTOS',5,41220494,3561,2,1,17,'EULOGIO POZZI',156,'','',-3,1,NULL,NULL,'PATAGONIA ARGENTINA','0297154424015','Alumno',0,0,'','',0,'','2014-04-19 19:02:31','2014-04-19 19:02:31'),(311,'Mariela Nicole Cepeda Muñoz ',5,44517227,2787,1,3,17,'codigo 2456  Standartd Norte barrio 176 viviendas',1308,'','Escalante',5,1,NULL,12,'Patagonia Argentina','2974066290','Alumno',0,0,'','',0,'','2014-04-19 19:32:23','2014-04-19 19:33:29'),(312,'Fernando Andres Cepeda Muñoz',5,48423851,2787,1,3,17,'codigo 2456  Standartd Norte barrio 176 viviendas',1308,'','Escalante',1,1,NULL,12,'Patagonia Argentina','2974066290','Alumno',0,0,'','',0,'','2014-04-19 19:35:10','2014-04-19 19:35:10'),(313,'Natalia Soledad Leyes',5,33392657,3271,3,3,49,'Av. Tte Coronel Murga',14,'Esc 1','Dpto C',2,1,NULL,NULL,'Transporte 28 de Julio, Rawson, Transporte El 22','154411330','Alumno',0,0,'','',0,'','2014-04-19 19:37:33','2014-04-19 19:38:49'),(314,'Nelson Daniel Cepeda',5,40908441,3423,2,1,17,'codigo 2456  Standartd Norte barrio 176 viviendas',1308,'','Escalante',4,1,NULL,12,'Patagonia Argentina','2974066290','Alumno',0,0,'','',0,'','2014-04-19 19:38:19','2014-04-19 19:38:19'),(315,'Florencia nicol rocha arce',5,44516823,2938,1,3,48,'Pasó de indio',1965,'','',6,1,30,NULL,'Benítez bellini','2804344479','Alumno',0,0,'','',0,'','2014-04-19 19:42:06','2014-04-19 19:47:36'),(316,'Sebastian Gabriel Alessio',5,39897496,3227,2,3,17,'Base Sobral ',1464,'','',6,1,NULL,12,'Patagonia Argentina','2974356324','Alumno',0,0,'','',0,'','2014-04-19 19:44:45','2014-04-19 19:44:45'),(317,'RENATA DANIELA MARTINEZ',5,42165010,2911,2,1,17,'RUTA 3',NULL,'2ª','',-3,1,50,5,'PATAGONIA ARGENTINA','0297154232202','Alumno',0,0,'','',0,'','2014-04-19 19:45:11','2014-04-19 19:45:11'),(318,'ALICIA SHIRLEY GOMEZ',5,13568609,3181,2,3,58,'Av. Rawson',354,'','',NULL,0,25,NULL,'TRANSPORTES \"EL 22\"','02804621894','Auxiliar de educación',0,0,'','',1,'Escuela Nº 714','2014-04-19 19:46:20','2014-04-19 19:46:20'),(319,'gisella sheila danisa enriquez',5,44140146,2908,1,3,58,'',NULL,'','',6,1,-7,NULL,'transporte 22','','Alumno',0,0,'','',0,'','2014-04-19 19:46:24','2014-04-19 19:46:24'),(320,'Martina Belen Alessio',5,43537409,3227,2,3,17,'Base Sobral',1464,'','',1,1,NULL,12,'Patagonia Argentina','2974356324','Alumno',0,0,'','',0,'','2014-04-19 19:47:11','2014-04-19 19:47:11'),(321,'ELIAS EMMANUEL MARTINEZ',5,38772260,3189,2,3,17,'J J PASO',-725,'','',-3,1,30,3,'PATAGONIA ARGENTINA','0297154232202','Alumno',0,0,'','',0,'','2014-04-19 19:54:21','2014-04-19 19:54:21'),(322,'ORNELLA PAOLA RIOS GOMEZ',5,42898425,3226,2,3,58,'ROQUE GONZALEZ (ENTRE J. BERRETA Y R. LUALDI)',NULL,'','',2,1,45,NULL,'TRANSPORTES \"EL 22\"','02804621894','Alumno',0,0,'','',0,'','2014-04-19 19:55:13','2014-04-19 19:55:13'),(323,'VICTOR ELISEO FUNES',5,39203252,3189,2,3,17,'18 B. FORTIN CHACABUCO- KM 11-',72,'--------------------------------------','------------------------------------------',6,1,20,3,'PATAGONIA ARGENTINA','2974549245','Alumno',0,0,'','',0,'','2014-04-19 19:57:01','2014-04-19 19:57:01'),(324,'ALEXIS JUAN MIGUEL RIOS GOMEZ',5,37550763,3455,3,1,58,'URQUIZA',356,'','',2,1,30,NULL,'TRANSPORTES \"EL 22\"','02804621894','Alumno',0,0,'','',0,'','2014-04-19 19:59:50','2014-04-19 19:59:50'),(325,'ELIAS RUBEN FUNES',5,39881399,3189,2,3,17,'18- B. FORTIN CHACABUCO-KM 11',72,'----------------------------------------','---------------------------------------',4,1,20,3,'EMPRESA PATAGONIA ARGENTINA','297-4549245','Alumno',0,0,'','',0,'','2014-04-19 20:01:52','2014-04-19 20:04:46'),(326,'Carrizo, Susana Isabel',5,21105544,3214,2,3,58,'Soberania Nacional',1620,'','A',NULL,0,20,2,'colectivo linea 1','4437226','Docente',1,1,'3° y 4° año','mañana y tarde',0,'','2014-04-19 20:11:30','2014-04-19 20:11:30'),(327,'Daiana Inés Cortés',5,36107305,3272,3,3,49,'Manuela Pedraza',903,'','',2,1,220,22,'Colectivos de media distancia \"Rawson\" y \"28 de Julio\"','2804545250','Alumno',0,0,'','',0,'','2014-04-19 20:12:55','2014-04-19 20:12:55'),(328,'oliva lourdes ailen',5,43537648,3212,2,3,17,'islas de los estados',233,'','',1,1,35,3,'patagonia argentina','2974136816','Alumno',0,0,'','',0,'','2014-04-19 20:13:51','2014-04-19 20:13:51'),(329,'oliva mario emiliano',5,39438445,3233,2,3,17,'perito moreno esq.mitre ',-7,'','',4,1,100,10,'patagonia argentina','297154136816','Alumno',0,0,'','',0,'','2014-04-19 20:21:40','2014-04-19 20:21:40'),(330,'villagran mirna mariela',5,29908704,3197,3,3,58,'belgrano',NULL,'','',2,1,50,NULL,'el 22','2804315579','Alumno',0,0,'','',0,'','2014-04-19 20:23:08','2014-04-19 20:23:08'),(331,'Candela Viviana Jofré',5,36757419,3449,3,1,49,'Doctor Lorenz',10,'','',1,1,NULL,22,'Empresa de transporte 28 de julio - Empresa de transporte Rawson','2804816813','Alumno',0,0,'','',0,'','2014-04-19 20:23:18','2014-04-19 20:25:03'),(332,'andrea guadalupe oliva',5,41793772,3233,2,3,17,'perito  moreno esq mitre ',0,'','',3,1,100,10,'patagonia argentina','2974136816','Alumno',0,0,'','',0,'','2014-04-19 20:24:47','2014-04-19 20:24:47'),(333,'MELINA BELEN GUZMAN',5,32133487,3274,3,3,58,'SARMIENTO ',44,'','C',2,1,30,3,'TRANSPORTE 22','0280154354275','Alumno',0,0,'','',0,'','2014-04-19 20:27:43','2014-04-19 20:27:43'),(334,'Yamila Benitez',5,38804609,3195,3,1,48,'Roberts ',61,'','',1,1,0,60,'mar y valle ','2804667356','Alumno',0,0,'','',0,'','2014-04-19 20:28:34','2014-04-19 20:28:34'),(335,'ALMONACID ELIANA MABEL',5,20541602,3082,4,3,58,'CHACO',793,'','',NULL,0,25,2,'TRANSPORTE 22','280 4430314','Docente',1,1,'SALA DE CUATRO','TARDE',0,'','2014-04-19 20:32:08','2014-04-19 20:32:08'),(336,'marianela fernandez',5,29279883,3116,1,3,48,'roberto gomez',333,'','',NULL,0,NULL,65,'28 DE JULIO Y MAR Y VALLE','0280 154239310','Docente',1,1,'grupo b','',0,'','2014-04-19 20:46:53','2014-04-19 20:46:53'),(337,'Gladys Noemi Moreno',5,34062578,3181,2,3,49,'barrio 2 de abril',0,'E','ESC: 2',NULL,0,20,21,'Empresa 28 de julio y Empresa rawson.','0280-154313288','Docente',1,1,'(1ra 1ra) y (1ra 4ta)','Mañana',0,'','2014-04-19 20:50:14','2014-04-19 20:50:14'),(338,'Gisel Antonela Mansilla',5,33281478,3271,3,1,58,'',NULL,'','',2,1,40,4,'colectivo','2944563739','Alumno',0,0,'','',0,'','2014-04-19 21:15:13','2014-04-19 21:15:13'),(339,'Henriquez Ayelen ',5,37764989,3278,3,3,17,'Av. del libertador  N° 560 B° Gral Mosconi ',NULL,'','',3,1,65,6,'Transporte Publico ','2975088638','Alumno',0,0,'','',0,'','2014-04-19 21:30:02','2014-04-19 21:30:02'),(340,'MAGALI ESTER BARRIA',5,17887215,2787,1,3,17,'ADOLFO ARIGONI ',1642,'-','-',NULL,0,20,2,'TRANSPORTE PATAGONIA ARGENTINA  ','2974142548','Docente',1,1,'5º y 2º ','MAÑANA- TARDE',0,'','2014-04-19 21:56:09','2014-04-19 21:56:09'),(341,'ROSARIO ABRIL MAZQUIARÁN ',5,45106585,2787,1,1,17,'ADOLFO ARIGONI ',1642,'-','-',5,1,20,2,'TRANSPORTE PATAGONIA ARGENTINA  ','2974142548','Alumno',0,0,'','',0,'','2014-04-19 21:58:30','2014-04-19 21:58:30'),(342,'silvia alejandra santana',5,18407383,2838,1,3,17,'kennedy y martin fierro',NULL,'','',NULL,0,20,8,'colectivo linea 1, 2 o 3','0297 4478706','Docente',1,1,'1ro. y 4to.','mañana y tarde',0,'','2014-04-19 21:58:33','2014-04-19 21:58:33'),(343,'Sebastian Emilio Rúa',5,34486533,3271,3,3,58,'Juan B Justo',1377,'','1',0,1,NULL,60,'Mar y valle. 28 de Julio','0280 154208910','Alumno',0,0,'','',0,'','2014-04-19 22:01:25','2014-04-19 22:01:25'),(344,'malena roxanna pascoff',5,30517503,3097,2,3,58,'perito moreno',NULL,'','rawson',NULL,0,60,5,'','154370569','Docente',1,1,'especial','ambos',0,'','2014-04-19 22:12:24','2014-04-19 22:12:24'),(345,'Gladis Romina Catalán',5,33771579,3274,3,3,58,'Caritas Argentinas',632,'','',2,1,42,4,'Transporte Urbano El 22 s.r.l','0280-154030708','Alumno',0,0,'','',0,'','2014-04-19 22:15:10','2014-04-19 22:15:10'),(346,'sofia fiandrino',5,35919286,3272,3,3,58,'ruta n°3',NULL,'','',1,1,NULL,60,'Mar y valle. 28 de Julio','0280154240551','Alumno',0,0,'','',0,'','2014-04-19 22:15:59','2014-04-19 22:15:59'),(347,'Susana Alejandra Merelles',5,23802074,3187,2,3,58,'emiratos arabes unidos',NULL,'','',NULL,0,35,4,'transporte el 22','0280154407313','Docente',1,1,'1 año, 2 año y 4 año','mañana y tarde',0,'','2014-04-19 22:20:44','2014-04-19 22:20:44'),(348,'Norma Beatriz Vargas',5,16616143,3274,3,3,58,'Belgrano ',NULL,'','',3,1,50,5,'Transporte \"El 22\"','4428392','Alumno',0,0,'','',0,'','2014-04-19 22:33:53','2014-04-19 22:33:53'),(349,'Leonardo Alejandro Pascuariello',5,35382774,2911,3,1,48,'Colon',772,'2','3',4,1,NULL,80,'28 de Julio, Mar y Valle, Empresa Rawson','2804360689','Alumno',0,0,'','',0,'','2014-04-19 22:39:17','2014-04-19 22:39:17'),(350,'Horacio Esteban Casteglione',5,35030443,3271,3,3,48,'Barrio ruca hue',8,'1','43',2,1,40,60,'28 de julio - mar y valle - el 22','154389467','Alumno',0,0,'','',0,'','2014-04-19 22:39:25','2014-04-19 22:39:25'),(351,'Paula Annabella Nunes',5,36212971,3271,3,3,58,'Pecoraro ',1423,'','',1,1,40,60,'28 de julio - mar y valle - el 22','154021096','Alumno',0,0,'','',0,'','2014-04-19 22:44:50','2014-04-19 22:44:50'),(352,'Cardenas Lago Maricruz',5,38299820,3268,3,3,17,'av hipolito Yrigoyen 748',NULL,'','',1,1,NULL,3,'Patagonia argentina ','297154368028','Alumno',0,0,'','',0,'','2014-04-19 22:47:00','2014-04-19 22:47:00'),(353,'Agustina Gabriela Sanchez',5,44849727,2912,1,3,17,'Gaucho Rivero',NULL,'','S/N',5,1,15,NULL,'Patagonia Argentina','2974724848','Alumno',0,0,'','',0,'','2014-04-19 22:50:54','2014-04-19 22:51:23'),(354,'Belen Gallo',5,34488664,3267,3,3,58,'Formosa Norte',995,'','',3,1,30,NULL,'Transporte Urbano \"El 22 S.R.L\"','2804397585','Alumno',0,0,'','',0,'','2014-04-19 22:53:15','2014-04-19 22:53:15'),(355,'Samuel Alejandro Sanchez Corinaldesi ',5,45803939,2787,1,3,16,'Gaucho Rivero, Don Bosco',NULL,'s/n','',4,1,15,NULL,'Patagonia argentina','2974724848','Alumno',0,0,'','',0,'','2014-04-19 22:53:23','2014-04-19 22:53:23'),(356,'ROMINA FRANCO',5,47846014,2964,1,3,49,'PAYRO',779,'','',2,1,12,NULL,'TRANSPORTE BAHIA S.R.L.','2804413171','Alumno',0,0,'','',0,'','2014-04-19 23:00:32','2014-04-19 23:00:32'),(357,'ERIC DYLAN MENDOZA',5,41793881,3343,2,1,17,'CALLE 3193 ESQUINA 3194',32,'','',3,1,50,4,'PATAGONIA ARGENTINA','0297 154437163','Alumno',0,0,'','',0,'','2014-04-19 23:03:32','2014-04-19 23:17:23'),(358,'novello alexandro yahel',5,33772059,2787,2,3,58,'gales y mirte',712,'','',NULL,0,30,3,'transporte el 22','154667985','Docente',1,1,'3 año','mañana tarde y noche ',0,'','2014-04-19 23:05:00','2014-04-19 23:05:00'),(359,'Daniela Viviana Cervetto',5,24302610,3105,1,3,17,'San Martín ',712,'','',NULL,0,30,3,'Patagonia Argentina','4481678','Docente',1,1,'MAI','doble funcion',0,'','2014-04-19 23:07:06','2014-04-19 23:07:06'),(360,'alexandro laura',5,18740040,2787,2,3,58,'estados arabes s/n',NULL,'','',NULL,0,60,6,'transporte el 22','154367802','Auxiliar de educación',0,0,'','',1,'dpto alumnos','2014-04-19 23:07:39','2014-04-19 23:07:39'),(361,'Nicolás Ale Bersán',5,39437346,3171,2,3,17,'',NULL,'','',3,1,NULL,NULL,'transporte patagonia argentina','4481678','Alumno',0,0,'','',0,'','2014-04-19 23:09:17','2014-04-19 23:09:17'),(362,'Constanza Ailen Bersan',5,47044286,2869,1,3,17,'',NULL,'','',3,1,NULL,3,'trasnporte patagonia argentina','4481678','Alumno',0,0,'','',0,'','2014-04-19 23:10:48','2014-04-19 23:10:48'),(363,'ANTONELLA SALVUCCI',5,40384504,3226,2,3,58,'ROQUE GONZALEZ',451,'','',5,1,NULL,3,'EMPRESA 22','02804596117','Alumno',0,0,'','',0,'','2014-04-19 23:13:49','2014-04-19 23:13:49'),(364,'Franco Leif Sarniguet Barcia',5,95279369,3251,2,2,58,'Cuba',845,'---','---',6,1,12,1.2,'4','2804684414','Alumno',0,0,'','',0,'','2014-04-19 23:15:01','2014-04-19 23:15:01'),(365,'KAREN GISELLA JONES',5,38806769,3346,3,3,32,'OBRAS DELEGADAS ',14,'','',1,1,NULL,NULL,'TRANSPORTE 28 DE JULIO ','4491827','Alumno',0,0,'','',0,'','2014-04-19 23:22:26','2014-04-19 23:29:58'),(366,'Marsisel Nancy Garcia',5,35383660,3016,3,3,32,'Julio A.Roca',67,'','',3,1,NULL,17,'28 de julio','0280-154864548','Alumno',0,0,'','',0,'','2014-04-19 23:24:17','2014-04-19 23:33:13'),(367,'Aldana Micaela Jara',5,39439757,3226,2,3,58,'',NULL,'','',5,1,20,NULL,'Transporte el 22','02804400285','Alumno',0,0,'','',0,'','2014-04-19 23:25:33','2014-04-19 23:25:33'),(368,'CAMILA MENDEZ ALVAREZ',5,41,3181,2,3,58,'PELLEGRINI ',117,'2º','4',3,1,NULL,NULL,'EL 22 S.R.L','4426651','Alumno',0,0,'','',0,'','2014-04-19 23:25:40','2014-04-19 23:25:40'),(369,'Noelia Soledad Dalmau',5,37665472,3461,3,1,50,'Gustavo Binder',1850,'','',1,1,NULL,12,'Expreso Rada Tilly / Transportes Patagonia Argentina','02974164380','Alumno',0,0,'','',0,'','2014-04-19 23:26:39','2014-04-19 23:26:39'),(370,'Gisella Jara',5,36212632,3577,2,3,58,'',NULL,'','',3,1,20,NULL,'Empresa el 22','2804589603','Alumno',0,0,'','',0,'','2014-04-19 23:28:39','2014-04-19 23:28:39'),(371,'Ioana  Jara',5,23998590,3274,3,3,1,'',NULL,'','',4,1,35,NULL,'Empresa el 22','2804400285','Alumno',0,0,'','',0,'','2014-04-19 23:30:52','2014-04-19 23:30:52'),(372,'Yamila Giuliana Contreras ',5,36718677,3455,3,1,47,'ameghino ',743,'','',4,1,NULL,26,'tranporte srl bahia ','154950224','Alumno',0,0,'','',0,'','2014-04-19 23:34:54','2014-04-19 23:34:54'),(373,'Gomez Edgardo',5,28416190,3252,2,3,48,'La Rioja ',1150,'1','',NULL,0,65,4,'Benitez Bellini - Mar y Valle','2804376968','Docente',1,0,'','',0,'','2014-04-19 23:57:24','2014-04-19 23:57:24'),(374,'Eliana Maricel Jara',5,32858589,3271,3,1,58,'José Hernandez y Berreta ',0,'','',NULL,0,18,NULL,'Transporte 22 S.R.L','2974225413','Docente',1,1,'Talleres Infantiles. TAP. Profesorado','Mañana y Tarde',0,'','2014-04-20 00:05:15','2014-04-20 00:05:15'),(375,'Leandro Francisco Moreyra',5,41957201,3200,2,3,32,'Chacra Nº 175 ',NULL,'','',4,1,NULL,20,'Empresa 28 de julio- Empresa el 22','0280154374193','Alumno',0,0,'','',0,'','2014-04-20 00:07:48','2014-04-20 00:07:48'),(376,'Cynthia Diana Estefany Gonzalez Alvarado',5,38518358,3271,3,3,58,'Pasaje Derbes ',531,'','',2,1,50,NULL,'Transporte el \"22\"','2804 - 656975','Alumno',0,0,'','',0,'','2014-04-20 00:11:06','2014-04-20 00:11:06'),(377,'Alejo Nicolas Martinez',5,42552174,3216,2,3,17,'Grecia y Croacia',NULL,'','',3,1,20,2,'Colectivo','297-155925612','Alumno',0,0,'','',0,'','2014-04-20 00:13:30','2014-04-20 00:13:30'),(378,'Jara Milena Anahí ',5,37347603,3271,3,3,58,'José Hernandez y Berreta',NULL,'','',2,1,20,NULL,'Transporte 22 SRL','2804033890','Alumno',0,0,'','',0,'','2014-04-20 00:16:24','2014-04-20 00:16:24'),(379,'Damian Gustavo Gonzalez Alvarado',5,42274382,3421,2,1,58,'Pasaje Derbes ',531,'','',3,1,35,NULL,'Transportes el \"22\"','2804 - 276047','Alumno',0,0,'','',0,'','2014-04-20 00:17:00','2014-04-20 00:17:41'),(380,'Ignacio Lesme',5,42309680,3422,2,1,58,'Moreno1004',NULL,'','',3,1,NULL,NULL,'Colectivo','4438821','Alumno',0,0,'','',0,'','2014-04-20 00:19:13','2014-04-20 00:19:59'),(381,'delgado yolanda nadia',5,29260381,3099,2,3,49,'barrio gregorio mayo mendoza y basaldua',NULL,'','',NULL,0,18,NULL,'colectivo','280154659381','Docente',1,1,'secundaria','mañana /tarde',0,'','2014-04-20 00:19:13','2014-04-20 00:19:13'),(382,'Rodrigo Almonacid',5,41267382,3237,2,3,17,'Alvarez Jonte Km 5',58,'','',4,1,NULL,2,'Patagonia Argentina','02974139290','Alumno',0,0,'','',0,'','2014-04-20 00:19:45','2014-04-20 00:19:45'),(383,'Brenda Fernanda Barrionuevo',5,33261277,2787,3,3,58,'Los Paraísos ',959,'','',NULL,0,NULL,NULL,'transportes el 22 ','2804507003','1',0,0,'','',0,'','2014-04-20 00:19:53','2014-04-20 00:19:53'),(384,'Rodrigo Emanuel Moreyra',5,38190758,2911,3,3,58,'9 de Julio entre Belgrano y Sarmiento',NULL,'','',2,1,NULL,2,'Transporte El 22','0280 154006617','Alumno',0,0,'','',0,'','2014-04-20 00:20:58','2014-04-20 00:20:58'),(385,'Geronimo Lesme',5,43371433,3422,2,1,58,'Moreno 1004',NULL,'','',2,1,20,2,'colectivo','4438821','Alumno',0,0,'','',0,'','2014-04-20 00:22:25','2014-04-20 00:22:25'),(386,'Sofía Julieta rivero',5,38535322,3450,3,1,58,'carrasco',250,'','',0,0,NULL,NULL,'Transporte Bahía s.r.l , Transporte Rawson s.r.l , Transporte 28 de julio','2804204263','Alumno',0,0,'','',0,'','2014-04-20 00:22:28','2014-04-20 00:22:28'),(387,'Ailén Cintia Montorfano',5,37148117,3278,3,3,31,'Alsina',2252,'0','o',1,1,22,2,'colectivo','02945-457128','Alumno',0,0,'','',0,'','2014-04-20 00:23:33','2014-04-20 00:23:33'),(388,'maria sandra batallan',5,22632077,2830,4,3,17,'calle sin nombre , ni numero',NULL,'','',NULL,0,250,0,'PATAGONIA ARGENTINA','297-154117646','Auxiliar de educación',0,0,'','',1,'KM 11-Bº Fortin chacabuco (ENI N 474)','2014-04-20 00:24:22','2014-04-20 00:24:22'),(389,'JOHANA MAGALI ARAMAYO MORALES',5,43617383,3217,2,3,48,'JOSE CARRANZA',2601,'0','6',1,1,26,2.3,'BENITEZ BELLINI S.A ','(280)4399998','Alumno',0,0,'','',0,'','2014-04-20 00:25:49','2014-04-20 00:25:49'),(390,'Santiago Ezequiel Segura Muñiz',5,43557225,3200,2,3,32,'chacra 175 Bryn Gwyn',NULL,'','',1,1,NULL,25,'28 de julio - Ceferino - Angelito - particular','28054518937','Alumno',0,0,'','',0,'','2014-04-20 00:25:54','2014-04-20 00:29:44'),(391,'Nicolas Fernando Fischer',5,33616922,3271,3,3,58,'Pascual Daleoso ',2383,'','',3,1,40,NULL,'Transportes el \"22\"','2804 - 641638','Alumno',0,0,'','',0,'','2014-04-20 00:26:18','2014-04-20 00:26:18'),(392,'Maira Stefanía Ramirez',5,23079568,3181,2,3,58,'Av Rawson entre Mitre y Pellegrini',NULL,'','',2,1,NULL,2,'Transporte El 22','0280 154512602','Alumno',0,0,'','',0,'','2014-04-20 00:27:44','2014-04-20 00:27:44'),(393,'agustin nicolas figueroa',5,39442860,2787,2,3,47,'los maitenes ',11,'','31',7,1,NULL,5,'empresa bahia','154221152','Alumno',0,0,'','',0,'','2014-04-20 00:39:32','2014-04-20 00:39:32'),(394,'leandro agustin bustamante',5,41619361,3174,2,3,17,'Bº don bosco - km 8',NULL,'','',3,1,130,6,'PATAGONIA ARGENTINA','297-154117646','Alumno',0,0,'','',0,'','2014-04-20 00:39:58','2014-04-20 00:39:58'),(395,'Brenda Antolella Jones',5,37937008,3450,3,1,32,'Obras Delegadas',14,'','',0,1,NULL,NULL,'28 de Julio','4491827','Alumno',0,0,'','',0,'','2014-04-20 00:43:52','2014-04-20 00:44:52'),(396,'marcela ponce',5,25722379,3267,3,3,58,'rivadavia y velero vesta',NULL,'','119',-1,1,25,2,'28 de julio/ empresa rawson/ el 22','02804626451','Alumno',0,0,'','',0,'','2014-04-20 00:49:13','2014-04-20 00:49:13'),(397,'Eva Candela Olobardi Lobos',5,35030019,3272,3,3,48,'Bariio Co.Vi.Mar. I',131,'','',2,1,NULL,70,'Mar y Valle ','154206610','Alumno',0,0,'','',0,'','2014-04-20 00:53:20','2014-04-20 00:53:20'),(398,'Valeria Romina Ruiz',5,35384264,2787,3,1,17,'Hipólito Yrigoyen',748,'','',3,1,NULL,10,'Patagonia','297-154265495','Alumno',0,0,'','',0,'','2014-04-20 00:57:44','2014-04-20 00:57:44'),(399,'lorena paola portaluppi',5,36650846,3324,3,2,58,'gregorio mayo',812,'','',0,1,25,2500,'empresa el 22','154 71  60 93','Alumno',0,0,'','',0,'','2014-04-20 01:02:49','2014-04-20 01:02:49'),(400,'GABRIELA BEATRIZ VARGAS',1,30936292,3273,3,3,17,'CODIGO 859 ',2580,'','',1,1,57,6,'PATAGONIA','2975134710','Alumno',0,0,'','',0,'','2014-04-20 01:03:58','2014-04-20 01:03:58'),(401,'maria cristina sierra',5,25722144,2830,4,3,17,'sin nombre y sin numero. Bº km 11- fortin chacabuco.',NULL,'','',NULL,0,233,8,'PATAGONIA ARGENTINA','297-154300002','Auxiliar de educación',0,0,'','',1,'E:N:I Nº 474- Bº km 11 \" Fortin Chacabuco\"','2014-04-20 01:04:50','2014-04-20 01:04:50'),(402,'Karen Serrano',5,38801412,3214,2,3,58,'25 De Mayo y Pellegryni ',NULL,'','',6,1,30,3,'Transporte el 22','2804717332','Alumno',0,0,'','',0,'','2014-04-20 01:27:10','2014-04-20 01:27:10'),(403,'jerónimo Arial Agustinho',5,42636568,3215,2,3,58,'formosa norte',796,'','',3,1,30,NULL,'EL 22 (URBANO)','280-154553510','Alumno',0,0,'','',0,'','2014-04-20 01:27:41','2014-04-20 01:27:41'),(404,'Carolina Soledad Bravo',5,36718760,3268,3,3,17,'Luis Rosello',775,'','',1,0,NULL,NULL,'Patagonia Argentina','154042126','Alumno',0,0,'','',0,'','2014-04-20 01:31:11','2014-04-20 01:31:56'),(405,'Paulo Osuna',5,40,3214,2,3,58,'25 De Mayo y Pellegrini',747,'-','Rawson',3,1,30,3,'El 22','2804388408','Alumno',0,0,'','',0,'','2014-04-20 01:32:40','2014-04-20 01:32:40'),(406,'facundo javier molina',5,41619182,3217,2,3,48,'gales',892,'0','0',-4,1,-30,3,'benitez hno','280-4475148','Alumno',0,0,'','',0,'','2014-04-20 01:40:29','2014-04-20 01:40:29'),(407,'Cárcamo Alejandra Karina',5,23032925,3099,2,3,47,'Lopez y Planes ',28,'','',NULL,0,0,6,'transporte bahia  ','2804552433','Docente',1,1,'ciclo básico  ','tarde ',0,'','2014-04-20 01:41:52','2014-04-20 01:43:11'),(408,'fuenzalida aldana aylen',5,43678938,3217,2,3,48,'gales',892,'0','0',-1,1,-20,2,'benitez hno','280-4455638','Alumno',0,0,'','',0,'','2014-04-20 01:43:52','2014-04-20 01:43:52'),(409,'luciana paillalaf ',5,47359758,2787,1,1,58,'san martin',NULL,'','',2,1,30,3,'transporte el 22','2804446758','Alumno',0,0,'','',0,'','2014-04-20 01:44:53','2014-04-20 01:44:53'),(410,'Agustina Castro',5,40800213,3348,2,1,48,'Yamanas 52',NULL,'','',5,1,20,NULL,'Colectivo','2804650843','Alumno',0,0,'','',0,'','2014-04-20 01:47:32','2014-04-20 01:47:32'),(411,'flavia aurora fuenzalida',5,38803322,3217,2,1,48,'gales ',892,'0','0',-6,0,NULL,NULL,'benitez hno','280-4456977','Alumno',0,0,'','',0,'','2014-04-20 01:50:17','2014-04-20 01:50:17'),(412,'Nadia Antonella Muriette ',5,36052562,3274,3,3,58,'Abraham Mathews ',1543,'','',2,1,45,4,'Transporte El 22 S.R.L','2804022211','Alumno',0,0,'','',0,'','2014-04-20 01:50:37','2014-04-20 01:50:37'),(413,'Maira Solange Curaqueo',5,38147629,3274,3,1,1,'Abraham Mathews',NULL,'','',1,1,25,2,'1545','2804374668','Alumno',0,0,'','',0,'','2014-04-20 01:53:01','2014-04-20 01:53:01'),(414,'camila fernanda fuenzalida',5,42408816,3217,2,3,48,'gales',892,'0','0',-3,1,-40,4,'benitez hno','280-4456977','Alumno',0,0,'','',0,'','2014-04-20 01:53:09','2014-04-20 01:53:09'),(415,'Elida Mamaní',5,27103188,3187,2,3,58,'Estados Árabes',NULL,'P/B','',NULL,0,0,3,'El 22 S.R.L','154637228','Docente',1,1,'1ero, 2do y 6to año','Mañana',0,'','2014-04-20 01:55:53','2014-04-20 01:55:53'),(416,'yamila gabriela perez',5,36709241,3268,3,3,17,'hipolito yrigoyen',748,'','',4,1,NULL,NULL,'patagonia argentina','2974318680','Alumno',0,0,'','',0,'','2014-04-20 01:55:57','2014-04-20 01:55:57'),(417,'natalia paula fuenzalida',5,43618231,3217,2,3,48,'gales ',892,'0','0',-1,1,-40,4,'benitez hno','280-4456977','Alumno',0,0,'','',0,'','2014-04-20 01:56:45','2014-04-20 01:56:45'),(418,'jesica antonella ceballos',5,42771566,3214,2,3,58,'mamel n 4445',NULL,'','',3,1,30,3,'trasporte el 22','2804215313','Alumno',0,0,'','',0,'','2014-04-20 01:56:53','2014-04-20 01:56:53'),(419,'Santiago Castro',5,43617972,3170,2,3,48,'Yámanas 52',NULL,'','',1,1,27,NULL,'Colectivo','2804378827','Alumno',0,0,'','',0,'','2014-04-20 01:57:31','2014-04-20 01:57:31'),(420,'Yanina Millán',5,34488970,3274,3,3,58,'Pasaje Sarratea Norte ',643,'','',2,1,13,2,'Transporte El 22','280 154528373','Alumno',0,0,'','',0,'','2014-04-20 01:57:37','2014-04-20 02:04:25'),(421,'agustin santiago molina',5,44146760,2956,1,1,1,'juan muzzio',707,'0','0',-6,1,-20,2,'benitez hno','280-4455638','Alumno',0,0,'','',0,'','2014-04-20 01:59:53','2014-04-20 01:59:53'),(422,'Guillermo Castro',5,44716969,3348,1,1,48,'Yamanas 52',NULL,'','',3,1,20,NULL,'Colectivo','2804602359','Alumno',0,0,'','',0,'','2014-04-20 02:00:18','2014-04-20 02:00:18'),(423,'brenda leonela ceballos',5,42771567,3214,2,3,58,'mamel n 4445',NULL,'','',3,1,30,3,'trasporte el 22','280215313','Alumno',0,0,'','',0,'','2014-04-20 02:02:40','2014-04-20 02:02:40'),(424,'Maria Ester Duvansed',5,18762474,3205,2,3,17,'1ro. de mayo  ',163,'','',NULL,0,160,15,'Patagonia Argentina','0297/4548594','Docente',1,1,'6to. año','tarde',0,'','2014-04-20 02:03:33','2014-04-20 02:03:33'),(425,'Jessica Soledad Arre',5,29585369,3009,2,3,17,'Ramón Lista',2150,'','',NULL,0,30,3,'Patagonia Argentina','(297)154362758','Docente',1,1,'1, 2 y 3 año','tarde',0,'','2014-04-20 02:05:38','2014-04-20 02:05:38'),(426,'macarena soledad ceballos',5,40384202,3214,3,3,58,'mamel',4445,'','',4,1,30,3,'trasporte el 22','2804215313','Alumno',0,0,'','',0,'','2014-04-20 02:08:28','2014-04-20 02:08:28'),(427,'Solange Gimena Arre',5,33316124,3272,3,3,17,'Rawson',753,'2','d',3,1,10,1,'Patagonia Argentina','(0297) 154920592','Alumno',0,0,'','',0,'','2014-04-20 02:08:44','2014-04-20 02:10:46'),(428,'dario ruben ceballos',5,40208678,3214,3,3,58,'mamel',4445,'','',6,1,30,3,'trasporte el 22','2804215313','Alumno',0,0,'','',0,'','2014-04-20 02:12:53','2014-04-20 02:12:53'),(429,'CALO MATEO ALEJO',5,42358704,3262,2,3,49,'',NULL,'','',-2,1,NULL,5,'TRANSPORTE BAHIA','2804824767','Alumno',0,0,'','',0,'','2014-04-20 02:31:05','2014-04-20 02:31:05'),(430,'priscila aylen villarroel',5,47078800,3263,2,3,17,'quichuas',950,'','',1,1,24,NULL,'patagonia argentina','2974710949/2974444965','Alumno',0,0,'','',0,'','2014-04-20 02:32:58','2014-04-20 02:32:58'),(431,'HERNANDEZ SILVIA CRISTINA',5,20848826,3096,1,3,49,'MURGA Y LAPORTE',NULL,'','',NULL,0,NULL,5,'TRANSPORTE BAHIA','2804824767','Docente',1,1,'ATENCION TEMPRANA Y PRIMER CICLO (AMBOS EDUCACION ESPECIAL)','MAÑANA-TARDE',0,'','2014-04-20 02:34:24','2014-04-20 02:34:24'),(432,'Reyes Ibrahim Francisco',5,42636814,3168,2,3,31,'9 de julio ',2544,'','',3,1,30,NULL,'Acevedo','02945453363','Alumno',0,0,'','',0,'','2014-04-20 02:37:22','2014-04-20 02:37:22'),(433,'Clarisa Mariela Bottger',5,26240763,2833,1,3,49,'Barrio Parque Gregorio Mayo - Calle Código 508',1148,'','',NULL,0,40,40,'Bahía','(280)154534863','Docente',1,1,'Maestra Bibliotecaria','Jornada Completa',0,'','2014-04-20 02:41:05','2014-04-20 02:41:05'),(434,'Laura Sofía Mastrángelo',5,39204469,3271,3,3,58,'Av. Fontana ',489,'4°','B',1,1,30,3,'\"El 22\"','297 4224095','Alumno',0,0,'','',0,'','2014-04-20 02:41:43','2014-04-20 02:59:10'),(435,'Micaela Marlen Pereira ',5,40739358,3229,2,3,58,'colombia ',152,'','',5,1,30,3,'Empresa El 22 S.R.L','2804400692','Alumno',0,0,'','',0,'','2014-04-20 02:45:43','2014-04-20 02:45:43'),(436,'Lucia Daniela Colihueque',5,40384730,3215,2,1,58,'Sarmiento norte ',759,'-','-',3,1,30,3,'22','0280154625234','Alumno',0,0,'','',0,'','2014-04-20 02:54:05','2014-04-20 02:54:05'),(437,'Elsa Ester Bustos ',5,20339673,3215,2,3,58,'Pecoraro ',441,'','',NULL,0,15,1,'Transporte El 22 S:R:L','2804400692','Auxiliar de educación',0,0,'','',1,'748','2014-04-20 03:02:22','2014-04-20 03:02:22'),(438,'Ana Magdalena Weber',5,36328842,3271,3,3,58,'Aljaba ',NULL,'','',NULL,0,NULL,NULL,'','','1',0,0,'','',0,'','2014-04-20 03:07:27','2014-04-20 03:07:27'),(439,'Marco Alesandro Pareja Reginato',5,35888369,3271,3,3,48,'Alvear',745,'','',3,1,NULL,68,'Mar y Valle/28 de Julio y Benitez Bellini','280 154414700','Alumno',0,0,'','',0,'','2014-04-20 03:08:32','2014-04-20 03:08:32'),(440,'QUINTANA LIDIA GAABRIELA',5,28046238,3214,3,3,58,'MORENO BARRIO 252 ',23,'2','251',NULL,0,30,NULL,'TRANSPORTE EL 22 ','154831959','Docente',1,1,'PRIMERO SECUNDARIO','MAÑANA',0,'','2014-04-20 03:17:13','2014-04-20 03:17:13'),(441,'ronan carranza',5,43395265,2787,1,2,17,'km 3',NULL,'','',6,1,15,1,'patagonia argentina','154058238','Alumno',0,0,'','',0,'','2014-04-20 03:17:51','2014-04-20 03:17:51'),(442,'Mailen Daniela Lavena',5,36935735,3269,3,3,48,'25 de mayo',1000,'','',NULL,1,40,4,'colectivo empresa benitez bellini','154033274','Alumno',0,0,'','',0,'','2014-04-20 03:18:32','2014-04-20 03:18:32'),(443,'de sousa gisela',5,22632772,2787,1,1,17,'cerro viteau',NULL,'','',NULL,0,75,7,'patagonia argentina','154058238','Docente',1,1,'1ero','tarde',0,'','2014-04-20 03:22:27','2014-04-20 03:22:27'),(444,'mauro nahuel villar',5,43079335,3420,2,1,47,'Las Araucarias ',52,'','',2,1,NULL,5,'transporte bahia','280 4665331','Alumno',0,0,'','',0,'','2014-04-20 03:24:48','2014-04-20 03:27:53'),(445,'paula rocio villar',5,42408003,3324,2,1,47,'Las Araucarias',52,'','',3,1,NULL,5,'transporte bahia','0280 4665331','Alumno',0,0,'','',0,'','2014-04-20 03:30:23','2014-04-20 03:30:23'),(446,'camila soledad saavedra',5,38535534,3324,2,1,47,'Las Araucarias',52,'','',6,1,NULL,5,'transporte bahia','0280 4665331','Alumno',0,0,'','',0,'','2014-04-20 03:32:27','2014-04-20 03:32:27'),(447,'Miguel Eduardo Sandoval',5,36760782,3271,3,3,58,'A.P.Bell norte ',258,'','2',2,1,NULL,NULL,'Transporte urbano \"El 22\"','2804536671','Alumno',0,0,'','',0,'','2014-04-20 03:33:20','2014-04-20 03:35:23'),(448,'Rosali Isabel Aresta',5,37118206,3271,3,3,23,'Nicolas Castro  ',175,'','',2,1,NULL,NULL,'28 de julio, inter urbano transporte 22','2804833366','Alumno',0,0,'','',0,'','2014-04-20 03:42:42','2014-04-20 03:42:42'),(449,'Mirta ines flores',5,29282555,3065,4,3,58,'pascual daleoso',NULL,'','',NULL,0,NULL,3,'22','154672009','Docente',1,1,'sala de 4 años','tarde',0,'','2014-04-20 04:24:04','2014-04-20 04:24:04'),(450,'Mariano Alexander Varela',5,34523643,3271,3,3,58,'Marconi Norte',357,'','',4,1,NULL,5,'Transporte el 22','0280154636930','Alumno',0,0,'','',0,'','2014-04-20 04:27:03','2014-04-20 04:27:03'),(451,'Ivana Raquel Manquel ',5,23600816,3220,2,1,49,'liborio garcia ',NULL,'','563',-2,1,30,3,'bahia','154712810','Alumno',0,0,'','',0,'','2014-04-20 05:32:25','2014-04-20 05:36:01'),(452,'Castillo Juan Gonzalo',5,33611159,3274,3,3,58,'Pellegrini ',390,'','',1,1,50,5,'urbano transporte el \"22\"','280 154539190','Alumno',0,0,'','',0,'','2014-04-20 05:34:16','2014-04-20 05:34:16'),(453,'Roxana Jazmin Romero',5,38535529,3196,2,3,49,'liborio garcia ',NULL,'','563',6,1,13,1,'Bahia','154712810','Alumno',0,0,'','',0,'','2014-04-20 05:40:09','2014-04-20 05:41:57'),(454,'Nancy Mabel Ramirez ',5,36989746,2787,3,1,48,'B 630 monoblock ',105,'02','629',4,1,20,NULL,'Benitez Bellini S.A','154868015','Alumno',0,0,'','',0,'','2014-04-20 05:51:18','2014-04-20 05:51:18'),(455,'Ariana Belén Gramajo',5,42479443,3216,2,3,17,'Santa Clara Bª Quirno Costa',1596,'','',3,1,50,6,'Patagonia Argentina','02974349121/02974460862','Alumno',0,0,'','',0,'','2014-04-20 06:42:51','2014-04-20 06:42:51'),(456,'Mateo Ezequiel Gramajo',5,47846856,2812,1,3,17,'Santa Clara Bª Quirno Costa',1596,'','',2,1,25,3,'Patagonia Argentina','0297-4460862/154349121','Alumno',0,0,'','',0,'','2014-04-20 06:48:11','2014-04-20 06:48:11'),(457,'Sandra Beatriz Villacorta',5,26128088,3204,2,3,17,'Santa Clara Bª Quirno Costa',1596,'','',NULL,0,17,2,'Patagonia Argentina','02974460862/154349121','Auxiliar de educación',0,0,'','',1,'Av. Roca 1351 ( Escuela 737)','2014-04-20 06:51:55','2014-04-20 06:51:55'),(458,'Daiana micaela Ignao',5,35887205,3267,3,3,58,'25 de mayo y Pellegrini ',390,'','',4,1,NULL,21,'EMPRESA BAHIA ,EMPRESA RAWSON,EMPRESA 28 DE JULIO.','2804258577','Alumno',0,0,'','',0,'','2014-04-20 07:02:56','2014-04-20 07:02:56'),(459,'Victoria Beatriz Dorfman',5,27598767,3271,3,3,58,'Rio pico ',611,'','',4,1,30,NULL,'EL 22','154632672','Alumno',0,0,'','',0,'','2014-04-20 13:07:17','2014-04-20 13:07:17'),(460,'Matias Aron Agilar',5,42636597,3215,2,3,58,'Rio pico',611,'','',3,1,25,NULL,'el 22 ','154632672','Alumno',0,0,'','',0,'','2014-04-20 13:14:17','2014-04-20 13:15:04'),(461,'Hebe Micaela Aguilar',5,45106762,2909,1,2,58,'Rio Pico',611,'','',5,1,25,NULL,'el 22','154632672','Alumno',0,0,'','',0,'','2014-04-20 13:18:14','2014-04-20 13:18:14'),(462,'Maria Jose Vaegas Suarez',5,40206280,3227,2,1,17,'Los Andes B° Ciudadela',942,'','',6,1,NULL,10,'Patagonia Argentina','297- 5360434','Alumno',0,0,'','',0,'','2014-04-20 14:35:29','2014-04-20 14:35:29'),(463,'Silvia Roxana López',5,28501245,2999,1,3,48,'gales',145,'5','c',NULL,0,50,5,'linea 1','2915225820','Docente',1,1,'segundo y primero','mañana y tarde',0,'','2014-04-20 14:50:02','2014-04-20 14:50:02'),(464,'Joaquín Sáenz Calvo',5,37149282,3271,3,3,58,'Juan Manuel de Rosas',2791,'--','--',1,1,45,4,'Transportes el 22 SRL','280-154585804','Alumno',0,0,'','',0,'','2014-04-20 14:57:39','2014-04-20 14:57:39'),(465,'Yamila Micaela Alvarez',5,39059397,3273,3,3,17,'código 846',3004,'','',1,1,70,7,'Patagonia Argentina','2975214934','Alumno',0,0,'','',0,'','2014-04-20 15:01:27','2014-04-20 15:01:27'),(466,'Melisa Macarena Alvarez',5,37665005,2787,3,1,17,'código 846 ',3004,'','',3,1,70,7,'Patagonia Argentina','2975175869','Alumno',0,0,'','',0,'','2014-04-20 15:04:09','2014-04-20 15:04:09'),(467,'Morales Natalia Andrea',5,30163192,3229,2,2,58,'Bolivia 2270 y Cangallo. Barrio Coinar',1,'D','Torre 3',NULL,0,35,3,'Transportes \"El 22\"','2804844813','Docente',1,1,'4to. año','mañana y tarde',0,'','2014-04-20 15:13:09','2014-04-20 15:13:09'),(468,'curiqueo nancy elizabeth',5,24449573,3102,1,3,58,'',NULL,'','',NULL,0,29,NULL,'transporte el 22','2804321091','Docente',1,1,'soy MAI de recorrido por lo cual tengo varias escuelas y varios alumnos en el día','ambos',0,'','2014-04-20 15:19:57','2014-04-20 15:19:57'),(469,'Lucía Antonella Etcheverría',5,42969748,3181,2,2,58,'Bolivia 2270 y Cangallo. Barrio Coinar',1,'D','Torre 3',2,1,34,3.5,'Transportes \"El 22\"','02804844813','Alumno',0,0,'','',0,'','2014-04-20 15:21:24','2014-04-20 15:21:24'),(470,'curiqueo leonardo gabriel',5,40384069,3215,2,3,58,'',NULL,'','',4,1,20,NULL,'el 22','4436448','Alumno',0,0,'','',0,'','2014-04-20 15:23:14','2014-04-20 15:23:14'),(471,'Valentin Emir Etcheverría',5,46858949,2871,1,2,58,'Bolivia 2270 y Cangallo. Barrio Coinar',1,'D','Torre 3',3,1,16,1.6,'Transportes \"El 22\"','02804844813','Alumno',0,0,'','',0,'','2014-04-20 15:26:34','2014-04-20 15:26:34'),(472,'Florncia Salierno',5,27363848,3271,3,3,58,'montevideo',1688,'','',NULL,1,45,NULL,'el 22','15468929','Alumno',0,0,'','',0,'','2014-04-20 15:40:25','2014-04-20 15:40:25'),(473,'cristina ariana cañumil',5,27363982,3249,2,3,56,'san martin',NULL,'','',NULL,0,NULL,100,'mar y valle, marga','02945- 15597238','Docente',1,1,'1, 2, 3, 4, 5 año','mañana',0,'','2014-04-20 15:47:28','2014-04-20 15:47:28'),(474,'Gabriel Isaias Araneda ',5,43617598,3181,2,1,58,'Montevideo',1688,'','',1,1,35,NULL,'El 22','154354321','Alumno',0,0,'','',0,'','2014-04-20 15:48:39','2014-04-20 15:48:39'),(475,'delgado marina belen',5,34665133,3274,1,3,49,'o donell',NULL,'','',4,1,25,2,'colectivo','154848089','Alumno',0,0,'','',0,'','2014-04-20 16:02:43','2014-04-20 16:02:43'),(476,'Juana Mabel Hevia',5,24449756,2787,1,3,58,'Scalabrini ortiz n°1674',NULL,'','',NULL,0,10,16,'transporte el 22,transporte 28 de julio','2804391570','Docente',1,0,'','',0,'','2014-04-20 16:15:29','2014-04-20 16:20:31'),(477,'cecilia saleski',5,2962107,3267,4,3,58,'25 de mayo',NULL,'','',2,1,40,4,'el 22','2804619450','Alumno',0,0,'','',0,'','2014-04-20 16:20:24','2014-04-20 16:20:24'),(478,'Nicolas Emanuel Stortini',5,36580311,2911,3,3,49,'Maria Eva Duarte',166,'','D',1,1,NULL,20,'Empresa Rawson y 28 de julio','2804863515','Alumno',0,0,'','',0,'','2014-04-20 16:22:07','2014-04-20 16:22:07'),(479,'miranda marcos',5,41525748,3197,2,3,58,'scalabrini ortiz ',1674,'','',-3,1,-20,2,'transporte el 22','442-8680','Alumno',0,0,'','',0,'','2014-04-20 16:34:20','2014-04-20 16:34:20'),(480,'miranda franco',5,38443646,3191,2,3,58,'scalabrini ortiz',1674,'','',-1,1,30,3,'transporte el 22','442-8680','Alumno',0,0,'','',0,'','2014-04-20 16:38:32','2014-04-20 16:38:32'),(481,'SCIUTO DAILOFF JULIA',5,45107272,3329,1,1,31,'LOS RADALES ',1377,'','1',4,1,30,NULL,'TRANSPORTE URBANO  Y TRANSPORTE JACOBSEN','15546335','Alumno',0,0,'','',0,'','2014-04-20 16:54:29','2014-04-20 16:54:29'),(482,'SCIUTO DAILOFF CAMILA',5,48280591,3329,1,1,31,'LOS RADALES ',1377,'','1',1,1,30,NULL,'TRANSPORTE URBANO Y TRANSPORTE JACOBSEN','15546335','Alumno',0,0,'','',0,'','2014-04-20 16:57:24','2014-04-20 16:57:24'),(483,'DAILOFF CLAUDIA',5,23054270,3180,2,3,31,'LOS RADALES ',1377,'','1',NULL,0,40,NULL,'TRANSPORTE URBANO Y TRANSPORTE JACOBSEN','15546335','Docente',1,1,'PRIMEROS ESB','MAÑANA',0,'','2014-04-20 16:58:49','2014-04-20 17:00:55'),(484,'Santiago Martín Mónaco',5,35887586,3274,3,3,58,'Urquiza ',1076,'','',1,1,18,1.8,'el 22','280-154543939','Alumno',0,0,'','',0,'','2014-04-20 17:30:37','2014-04-20 17:30:37'),(485,'Saldivia Vásquez, Aymara Samanta',5,30265124,2999,1,3,48,'Santiago del Estero ',1051,'-','-',NULL,0,31,3,'Colectivo','280 154274909','Docente',1,1,'1° a 6° grado','mañana',0,'','2014-04-20 17:49:12','2014-04-20 17:49:12'),(486,'agustina nair Rios',5,41017062,3200,2,3,58,'arturo roberts',1129,'','',-5,1,NULL,18,'linea 28 de julio - transportes el 22','280-4427969','Alumno',0,0,'','',0,'','2014-04-20 17:49:44','2014-04-20 17:49:44'),(487,'Daiana Marisol Bordon',5,40003046,3218,2,3,58,'Pasaje Cruz del Sur',2074,'','',6,1,10,1,'Transporte el 22','4423672','Alumno',0,0,'','',0,'','2014-04-20 17:51:47','2014-04-20 17:51:47'),(488,'Ap Iwan Sabrina Ayelen',5,36876905,3274,3,3,58,'pellegrini',390,'','',2,1,NULL,33.89,'colectivo','154322447','Alumno',0,0,'','',0,'','2014-04-20 17:53:07','2014-04-20 17:53:07'),(489,'Yesica Marianela Bordon',5,36218528,3169,2,3,58,'Pasaje Cruz del Sur',2074,'','',NULL,0,290,20.9,'linea 28 de julio y rawson','154707921','Docente',1,1,'1ro','mañana',0,'','2014-04-20 17:56:37','2014-04-20 17:56:37'),(490,'Nahuel Huentecoy',5,42771515,3218,2,1,58,'scalabrini ortiz',1656,'','Rawson',3,1,20,NULL,'Transporte el 22','2804-342715','Alumno',0,0,'','',0,'','2014-04-20 18:13:19','2014-04-20 18:13:19'),(491,'Ailiñ Elizabeth Marquez',5,41793323,3226,2,3,58,'ap bell ',2405,'','',4,1,NULL,NULL,'transporte el 22','2804598944','Alumno',0,0,'','',0,'','2014-04-20 18:14:49','2014-04-20 18:16:32'),(492,'Betiana Romina Arce',5,37666265,2787,3,3,48,'san martin ',1836,'','',1,1,NULL,65,'Mar y valle ','0280154203719','Alumno',0,0,'','',0,'','2014-04-20 18:16:47','2014-04-20 18:16:47'),(493,'Gladys Anahi Muñoz',5,33908198,3267,3,3,58,'Los Altares  4284 Barrio Inta',NULL,'','',4,1,45,5,'Transporte hurbano','2804012551','Alumno',0,0,'','',0,'','2014-04-20 18:29:24','2014-04-20 18:31:09'),(494,'Rocio Castillo',5,32,3187,2,3,58,'Estados Arabes ',370,'','',NULL,0,NULL,25,'Rawson , 28 de julio y Bahia transporte ','154399919','Docente',1,1,'5 to y 6to año','mañana y tarde',0,'','2014-04-20 18:33:04','2014-04-20 18:33:04'),(495,'Alfredo Buzzi',5,16363962,3278,3,3,17,'Av lIBERTADOR  ',560,'','KM3',NULL,0,NULL,10,'PATAGONIA ARGENTINA','','Docente',1,1,'TECNICATIRAS','',0,'','2014-04-20 18:44:50','2014-04-20 18:44:50'),(496,'Guillermina Ayelen Tapia',5,42274284,3181,2,3,58,'Moreno',2161,'','',3,1,26,NULL,'Transporte \"El 22\"','2804594692','Alumno',0,0,'','',0,'','2014-04-20 18:46:30','2014-04-20 18:46:30'),(497,'GOICH ANA PAULA',5,44284479,2809,1,1,17,'SAN LORENZO ',2792,'','',6,1,20,NULL,'PATAGONIA ARGENTINA','02974549782','Alumno',0,0,'','',0,'','2014-04-20 18:46:31','2014-04-20 18:46:31'),(498,'Matias Vicente Arbe',5,36052503,3271,3,3,58,'Roque González y José Berreta 9100',9100,'','',2,1,20,NULL,'El 22','02804011234','Alumno',0,0,'','',0,'','2014-04-20 18:48:06','2014-04-20 18:48:06'),(499,'GOICH  LARA MARIANA',5,41956530,3171,2,1,17,'SAN LORENZO ',2792,'','',3,1,50,NULL,'PATAGONIA ARGENTINA','02974549782','Alumno',0,0,'','',0,'','2014-04-20 18:48:55','2014-04-20 18:48:55'),(500,'MARISA DIANA CAPACCIONI',5,16841997,3198,2,3,17,'Alvear ',1100,'','',NULL,0,NULL,4.5,'Patagonia Argentina','','Docente',1,1,'2-4-5-6','m-t',0,'','2014-04-20 18:49:29','2014-04-20 18:49:29'),(501,'zulma daniela aguero',5,33774002,3267,1,3,1,'',NULL,'','',NULL,0,NULL,NULL,'','','Alumno',0,0,'','',0,'','2014-04-20 18:49:55','2014-04-20 18:49:55'),(502,'GOICH MARINA LUCRECIA',5,40206366,3171,2,1,17,'SAN LORENZO ',2792,'','',5,1,50,NULL,'PATAGONIA ARGENTINA','0297-4549782','Alumno',0,0,'','',0,'','2014-04-20 18:50:37','2014-04-20 18:50:37'),(503,'GOICH LAURA CANDELA',5,38802572,2787,3,1,17,'SAN LORENZO',2792,'','',1,1,NULL,NULL,'PATAGONIA ARGENTINA','0297-4549782','Alumno',0,0,'','',0,'','2014-04-20 18:52:18','2014-04-20 18:56:01'),(504,'Jeremías Nahuel Tapia',5,43617581,3200,2,3,32,'Chacra ',175,'','',1,1,NULL,19,'Transportes ALONSO','2804594692','Alumno',0,0,'','',0,'','2014-04-20 18:56:32','2014-04-20 18:56:32'),(505,'Lorena Sabrina Lagos',5,40738785,3443,2,3,17,'soldado mario almonacid',761,'','',6,1,24,2,'Patagonia Argentina srl','2974428672','Alumno',0,0,'','',0,'','2014-04-20 19:23:01','2014-04-20 19:26:26'),(506,'Maldonado Giménez Enzo Nicolás ',5,42133124,3181,2,3,58,'Barrio Constitucion, Sector \"B\", Escalera 26',NULL,'segundo','E',3,1,20,NULL,'transporte El 22, urbano','4438016','Alumno',0,0,'','',0,'','2014-04-20 19:28:50','2014-04-20 19:30:28'),(507,'Maria Jose Lagos',5,42408769,3443,2,3,17,'Soldado Mario Almonacid',761,'','',3,1,24,2.4,'Patagonia Argentina srl','2974428672','Alumno',0,0,'','',0,'','2014-04-20 19:29:51','2014-04-20 19:29:51'),(508,'CAROLINA AYELEN SIDES',5,45265438,2812,1,3,17,'SAN MARTIN ',1335,'P . B','C',5,1,14,1.5,'COLECTIVO','0297-154346899','Alumno',0,0,'','',0,'','2014-04-20 19:38:32','2014-04-20 19:39:48'),(509,'damaris melody villalba ',5,33611495,2787,3,3,49,'juan de la piedra 1090',NULL,'','',2,1,NULL,24,'colectivo urbano  e colectivo interlocalidad ','2804589945','Alumno',0,0,'','',0,'','2014-04-20 19:38:43','2014-04-20 19:38:43'),(510,'emilia barrera',5,40384852,3179,2,2,58,'fuerte viejo ',126,'','',5,1,20,2,'colectivo ','154539365','Alumno',0,0,'','',0,'','2014-04-20 19:41:43','2014-04-20 19:43:23'),(511,'NAHIR CELSA CERVERO',5,36392778,3274,3,3,58,'Pellegrini',390,'','',2,1,36,3.6,'TRANSPORTES EL 22 S.R.L.','2804831538','Alumno',0,0,'','',0,'','2014-04-20 20:13:47','2014-04-20 20:13:47'),(512,'Ana Elizabeth Lewis',5,34,3267,3,3,58,'25 de Mayo y Pellegrini',NULL,'','',3,1,NULL,35,'Línea 28 de Juliio','0280-154302991','Alumno',0,0,'','',0,'','2014-04-20 20:16:47','2014-04-20 20:17:31'),(513,'DIANA YAMILA CERVERO',5,38784732,3274,3,3,58,'Belgrano',2200,'','',2,1,60,6,'TRANSPORTES EL 22 S.R.L.','2804629816','Alumno',0,0,'','',0,'','2014-04-20 20:21:59','2014-04-20 20:21:59'),(514,'Ebe Ariadna Lewis',5,38800522,3181,2,3,58,'Rawson',NULL,'','',5,1,NULL,35,'Linea 28 de Julio','0280-154841733','Alumno',0,0,'','',0,'','2014-04-20 20:22:46','2014-04-20 20:22:46'),(515,'Ana Elizabeth Lewis',5,34488802,3267,3,3,23,'Sarmiento',280,'','',3,1,NULL,35,'Linea 28 de Julio','0280-154302991','Alumno',0,0,'','',0,'','2014-04-20 20:27:22','2014-04-20 20:27:22'),(516,'mauro daniel zamarrreño',5,39440279,3226,2,3,58,'ruta eva peron',759,'','',6,0,NULL,NULL,'transporte el 22','2804679081','Alumno',0,0,'','',0,'','2014-04-20 20:30:45','2014-04-20 20:30:45'),(517,'federico german suarez',5,38784364,3229,1,3,58,'av colombia',762,'','',5,1,NULL,NULL,'transporte el 22','4433929','Alumno',0,0,'','',0,'','2014-04-20 20:34:28','2014-04-20 20:35:32'),(518,'fuentes richard carlos daniel',5,41041476,3179,2,1,58,'pje cordoba norte',635,'','',-3,1,8,800,'transporte urbano','2804373801','Alumno',0,0,'','',0,'','2014-04-20 20:42:09','2014-04-20 20:42:09'),(519,'maria edit  coorea',5,20541759,3124,1,3,58,'uruguay y 28 de julio',NULL,'','',NULL,0,20,NULL,'transporte el 22','280 4350827','Auxiliar de educación',0,0,'','',1,' CENTRO DE SERVICIOS ALTERNATIVOS Y COMPLEMENTARIOS Nº 553  ','2014-04-20 20:42:27','2014-04-20 20:42:27'),(520,'Kevin Denis Ruiz',5,38807786,3181,2,3,58,'Rawson 341',0,'','',3,1,14,1.6,'Transporte el 22 ','02804431660','Alumno',0,0,'','',0,'','2014-04-20 21:04:02','2014-04-20 21:04:02'),(521,'Celeste Jaqueline Moreno',5,35381581,3271,3,3,58,'Oscar Smith ',523,'','',4,1,30,2,'Urbano','154722710','Alumno',0,0,'','',0,'','2014-04-20 21:09:48','2014-04-20 21:09:48'),(522,'Gonzalo Oscar Moreno',5,38147441,3271,3,3,58,'Oscar Smith',523,'','',2,1,30,2,'Urbano','2804829698','Alumno',0,0,'','',0,'','2014-04-20 21:12:23','2014-04-20 21:12:23'),(523,'Ramiro Adrian Lewis',5,37550667,3245,2,3,23,'Sarmiento',280,'','',2,1,NULL,35,'Linea 28 de Julio','0280-154512551','Alumno',0,0,'','',0,'','2014-04-20 21:16:22','2014-04-20 21:16:22'),(524,'Julia Clarissa Isabella Peralta',5,42121668,3255,2,3,39,'9 de Julio - El Bolsón',653,'','',4,1,NULL,7,'Las Golondrinas','02945 15444162','Alumno',0,0,'','',0,'','2014-04-20 22:04:14','2014-04-20 22:04:14'),(525,'Alicia Carolina Peralta Casas',5,17244658,2894,1,3,39,'9 de Julio - El Bolsón',653,'','',NULL,0,NULL,15,'La Golondrina','02945 15447666','Docente',1,1,'4 - 5 y 6','mañana',0,'','2014-04-20 22:07:32','2014-04-20 22:07:32'),(526,'Lisette Melissa Williams Vargas',5,18855226,3272,3,3,58,'Cuba',807,'','',4,1,45,5,'Transporte \"El 22\"','2804031120','Alumno',0,0,'','',0,'','2014-04-20 22:17:54','2014-04-20 22:17:54'),(527,'gladys rivero',5,36418162,3273,3,3,17,'independencia ',339,'','',1,1,100,10,'patagonia','2974057231','Alumno',0,0,'','',0,'','2014-04-20 22:29:38','2014-04-20 22:29:38'),(528,'Pedemonti debora romina',5,39028203,3346,3,3,31,'ruta nacional  259',259,'','futaleufu',-1,1,0,3,'jacobsen','02945-15428858','Alumno',0,0,'','',0,'','2014-04-20 22:32:30','2014-04-20 22:32:30'),(529,'Evangelina Veronica Villarrubia',5,28175284,2925,1,3,1,'chacra',334,'','',NULL,0,NULL,37,'empresa 28 de julio y Ceferino','0388 155743037','Docente',1,1,'5° quinto','mañana',0,'','2014-04-20 22:44:01','2014-04-20 22:44:01'),(530,'cristian kevin pincol',5,38518446,3169,3,3,49,'Av. Antartida Argentina',451,'','',NULL,0,NULL,NULL,'empresa transporte rawson. transporte 28 de julio ','0280-4481351','Alumno',0,0,'','',0,'','2014-04-20 22:49:42','2014-04-20 22:49:42'),(531,'Josefina Candela Balcon',5,42209221,3237,2,3,17,'codigo 2948 barrio sarmiento ',60,'','',3,1,NULL,4,'Patagonia Argentina','2974221209','Alumno',0,0,'','',0,'','2014-04-20 22:56:15','2014-04-20 23:02:35'),(532,'daiana del carmen chiguay ',5,39438990,3198,2,3,17,'las fresas',3963,'','',6,1,21,3,'patagonia argentina linea 1','2974357085','Alumno',0,0,'','',0,'','2014-04-20 23:01:55','2014-04-20 23:01:55'),(533,'Franco Martin Gonzalez',5,39442434,3178,2,3,17,'Antartida Argentina',250,'','',6,1,70,7,'Patagonia Argentina','297-4259493','Alumno',0,0,'','',0,'','2014-04-20 23:03:07','2014-04-20 23:03:07'),(534,'Katherina Mabel Gonzalez',5,42208761,3213,2,3,17,'Antartida Argentina',250,'','',2,1,40,4,'Patagonia Argentina','297-4259493','Alumno',0,0,'','',0,'','2014-04-20 23:07:27','2014-04-20 23:07:27'),(535,'Rocio Davel',5,29083691,3278,3,3,31,'Alsina ',2550,'','',NULL,0,30,NULL,'Colectivo urbano','0280-154688114','Docente',1,1,'','noche',0,'','2014-04-20 23:09:59','2014-04-20 23:09:59'),(536,'Rocío Belén Muñiz Fredes',5,37149618,3577,3,3,31,'ruta  259 km 4',NULL,'','',-3,1,NULL,5,'Transporte jabobsen','02945-15417490','Alumno',0,0,'','',0,'','2014-04-20 23:11:33','2014-04-20 23:22:23'),(537,'Aylén Sara Elena Pinilla',5,12769568,3469,1,3,31,'Ruta 259- Km. 5',NULL,'','',NULL,0,60,6,'Media distancia','(02945)15552774','Docente',1,1,'Primero','Mañana',0,'','2014-04-20 23:22:02','2014-04-20 23:22:02'),(538,' Mario marcelino Mendez',5,26645593,3274,3,3,58,'belgrano y cangallo',NULL,'','',1,1,25,NULL,'2 y 3','2804688812','Alumno',0,0,'','',0,'','2014-04-20 23:45:41','2014-04-20 23:45:41'),(539,'Lautaro Ariel Cortez',5,48048409,2809,1,3,17,'sarratea',NULL,'','',1,0,NULL,NULL,'patagonia argentina','154430940','Alumno',0,0,'','',0,'','2014-04-20 23:46:56','2014-04-20 23:46:56'),(540,'Claudia Mariela Williams',5,18267263,3177,2,3,48,'Marcos A. Zar',851,'','',NULL,0,12,NULL,'','0280154664439','Docente',1,1,'','',0,'','2014-04-20 23:55:38','2014-04-20 23:55:38'),(541,'yolanda ester sosa',5,10800689,2955,1,3,17,'marcial riadigos',785,'','',NULL,0,50,5,'urbano','2974481998','Docente',1,1,'tercero y cuarto','mañana y tarde',0,'','2014-04-20 23:55:45','2014-04-20 23:55:45'),(542,'Camila Eliana  Alvarez',5,41619382,3233,2,3,17,'Felix San Fedele -Bº Las Orquideas- Km5',370,'','',4,1,NULL,6,'Patagonia Argentina','02974648046','Alumno',0,0,'','',0,'','2014-04-20 23:59:14','2014-04-20 23:59:14'),(543,'javier kieda kadyszin',5,36857338,2787,3,3,58,'9 julio y belgrano',NULL,'','rawson',1,1,30,2,'transporte el 22','154713111','Alumno',0,0,'','',0,'','2014-04-21 00:02:47','2014-04-21 00:02:47'),(544,'novello alexandro giovanna',5,34765883,2787,3,3,58,'gales y mitre',NULL,'','rawson ',NULL,0,30,3,'transporte el 22','154356386','Docente',1,1,'1','mañana y tarde',0,'','2014-04-21 00:05:23','2014-04-21 00:05:23'),(545,'GIULIANO LUCCA GALEANO',5,39436936,3224,2,3,17,'Pasaje Cardiel 215 ',44,'--','---',2,1,7,0,'TRANSPORTE PATAGONIA ARGENTINA','0297 154143798','Alumno',0,0,'','',0,'','2014-04-21 00:37:56','2014-04-21 00:37:56'),(546,'NELIDA ELIZABETH BARRIENTOS ',5,18752380,2932,1,3,17,'Pasaje Cardiel 215',44,'---','---',NULL,0,10,NULL,'TRANSPORTE PATAGONIA ARGENTINA','0297 154143798','Docente',1,1,'BIBLIOTECARIA','MAÑANA',0,'','2014-04-21 00:41:30','2014-04-21 00:41:30'),(547,'mauricio ivan millapinda',5,38805927,2859,3,3,1,'barrio obras delegadas',28,'','',1,1,NULL,70,'tranporte 28 de julio','280 154537348','Alumno',0,0,'','',0,'','2014-04-21 01:12:31','2014-04-21 01:12:31'),(548,'Paula Andrea Brozzi',5,18449115,3274,3,3,58,'Pelegrini ',390,'','',2,1,NULL,70,'Mar y Valle y 28 de julio','280-4607335','Alumno',0,0,'','',0,'','2014-04-21 01:15:29','2014-04-21 01:15:29'),(549,'LAURA MARCELA TULA',5,31637845,3231,2,3,17,'AV.LISANDRO DE LA TORRE 3.400',NULL,'','',NULL,0,26,4,'PATAGONIA ARGENTINA LINEA 3 Y LINEA 5','0297 448 2135','Docente',1,1,'SECUNDARIO 1 Y 3 ','NOCTURNO',0,'','2014-04-21 01:15:51','2014-04-21 01:15:51'),(550,'Haydeé Fabiana Martínez',5,23998990,3215,2,3,58,'Pecoraro',441,'','',NULL,0,25,2,'Transporte urbano El 22','154687993 / 4420184','Docente',1,1,'Secundaria 1eros y 2dos','mañana y tarde',0,'','2014-04-21 01:16:45','2014-04-21 01:16:45'),(551,'cindy romina saez cayun',5,37347121,2911,3,3,31,'urquiza',955,'','',3,1,0,4,'jacobsen','15593150','Alumno',0,0,'','',0,'','2014-04-21 01:21:01','2014-04-21 01:21:01'),(552,'Franco Ezequiel Soto',5,43537459,3189,2,3,17,'ayacucho 1348 Barrio Prospero Palazzo',NULL,'','',1,1,15,NULL,'TRANSPORTE PATAGONIA ARGENTINA','0297 4548525','Alumno',0,0,'','',0,'','2014-04-21 01:28:19','2014-04-21 01:28:19'),(553,'Dario Victor Pinto',5,36181473,2911,3,3,17,'Darwin, Ushuaia, Tierra del Fuego ( Universidad Nacional de la Patagonia San Juan Bosco)',NULL,'1 Facultad de Ingenieria ','',3,1,NULL,10,'Colectivo ','4463937 - 156236370','Alumno',0,0,'','',0,'','2014-04-21 01:45:08','2014-04-21 01:45:08'),(554,'María Andrea GERMILLAC',5,23600811,3262,2,3,49,'Gonzalez',NULL,'','',NULL,0,35,3,'Transporte Bahía','2804651931','Auxiliar de educación',0,0,'','',1,'Biblioteca','2014-04-21 02:09:47','2014-04-21 02:09:47'),(555,'RUTH EDITH MIRANDA',5,21871751,2787,1,1,17,'NECOCHEA ',1706,'','',NULL,0,15,NULL,'TRANSPORTE COMODORO LINEA 2','2974195159','Auxiliar de educación',0,0,'','',1,'ESCULA PATAGONIA ARGENTINA','2014-04-21 02:09:55','2014-04-21 02:09:55'),(556,'De Godos Agustina Graciela',5,38799180,3216,2,3,17,'',NULL,'','',-3,1,-30,2,'Patagonia Argentina','2974487510','Alumno',0,0,'','',0,'','2014-04-21 02:14:50','2014-04-21 02:14:50'),(557,'De Godos Fernanda Noemi',5,43935093,3216,2,3,17,'Francisco Behr',1696,'','',1,1,25,2,'Patagonia Argentina','2974487510','Alumno',0,0,'','',0,'','2014-04-21 02:16:37','2014-04-21 02:17:11'),(558,'Leonel Miranda',5,42244356,3178,2,3,17,'Pastor Schneider ',874,'','Escalante',3,1,22,NULL,'La Patagonia','4065159','Alumno',0,0,'','',0,'','2014-04-21 02:16:47','2014-04-21 02:16:47'),(559,'MELISA EVANS',5,41041188,3213,2,3,17,'LOS ARRAYANES 129 KM. 8',NULL,'','',4,1,NULL,12,'PATAGONIA ARGENTINA SRL','0297-154587848','Alumno',0,0,'','',0,'','2014-04-21 02:22:49','2014-04-21 02:22:49'),(560,'gonzalo ezequiel espinoza',5,-40,3243,2,3,49,' barrio rio chubut-pasaje tierra del fuego',865,'','',-2,1,NULL,10,'transporte bahia s.r.l.','280-4486340','Alumno',0,0,'','',0,'','2014-04-21 02:22:54','2014-04-21 02:22:54'),(561,'MARIA AURORA EVANS',5,26617293,3213,2,3,17,'LOS ARRAYANES 129 KM.8',NULL,'','',NULL,0,NULL,12,'PATAGONIA ARGENTINA SRL','0297-154587848','Auxiliar de educación',0,0,'','',1,'746','2014-04-21 02:26:55','2014-04-21 02:26:55'),(562,'karina andrea alvarez',5,28482260,3238,3,3,47,'edmundo jud',1761,'','A',1,1,NULL,25,'coletivo','2804393964','Alumno',0,0,'','',0,'','2014-04-21 02:27:07','2014-04-21 02:28:28'),(563,'Victor dario Pinto',5,36181474,2911,3,3,17,'ciudad universitaria km4',NULL,'','',2,1,NULL,12,'Colectivo','154261772','Alumno',0,0,'','',0,'','2014-04-21 02:27:26','2014-04-21 02:27:26'),(564,'Angélica Soledad Gallardo',5,26633242,2894,1,3,27,'Islas Malvinas lote 27',0,'','Cushamen',NULL,0,NULL,16,'','294154556569','Auxiliar de educación',0,0,'','',1,'Lago Puelo','2014-04-21 02:31:58','2014-04-21 02:37:35'),(565,'Luciama Carolina Orozco Torres',5,43537979,3203,2,3,48,'Agustin Pujol',NULL,'','Biedma',1,1,22,NULL,'Benitez Bellini','2804221114','Alumno',0,0,'','',0,'','2014-04-21 02:32:12','2014-04-21 02:32:12'),(566,'Adriana Nora Aibar',5,37150113,2787,3,3,17,'cuidad universitaria km4',NULL,'','',2,1,NULL,8,'Colectivo ','154737505','Alumno',0,0,'','',0,'','2014-04-21 02:35:00','2014-04-21 02:36:12'),(567,'matias paillacar',5,40818385,3216,2,2,17,'553 lorenzo reinoso ',1958,'','',9,1,36,7,'patagonia','2975209638','Alumno',0,0,'','',0,'','2014-04-21 02:42:53','2014-04-21 02:42:53'),(568,'sofia ayelen santillan',5,38801528,3346,3,3,58,'cacique inacayal ',1965,'','65',1,1,35,3,'transporte El 22 y Empresa Rawson - 28 de Julio','2804210098','Alumno',0,0,'','',0,'','2014-04-21 02:46:59','2014-04-21 02:46:59'),(569,'andres federico santillan',5,40739435,3191,2,3,58,'cacique inacayal ',1965,'','65',5,1,20,2,'transporte El 22-','2804210098','Alumno',0,0,'','',0,'','2014-04-21 02:50:50','2014-04-21 02:50:50'),(570,'Tania Betriz Quirquetripay',5,34488729,3271,3,2,58,'Ceferino Namuncura ',1425,'','',3,1,30,NULL,'Transporte publico el 22','2804-683106','Alumno',0,0,'','',0,'','2014-04-21 02:52:19','2014-04-21 02:53:20'),(571,'Lilia Jeannette Mangini',5,35099572,3281,2,3,58,' Pellegrini Norte y ruta 25',NULL,'','',2,1,30,NULL,'Empresa el 22','2804418176','Alumno',0,0,'','',0,'','2014-04-21 02:53:02','2014-04-21 02:53:02'),(572,'gonzalo manuel sosa',5,42133064,3179,2,3,58,'cacique incayal ',1965,'','65',1,1,40,4,'Transporte El 22','2804210098','Alumno',0,0,'','',0,'','2014-04-21 02:53:40','2014-04-21 02:53:40'),(573,'Agustina Aylen Santillan',5,43538118,3226,2,3,58,'cacique inacayal',1965,'','65',1,1,20,2,'Transporte El 22','2804210098','Alumno',0,0,'','',0,'','2014-04-21 02:57:11','2014-04-21 02:57:11'),(574,'jose luis santillan',5,412670833,3215,2,3,58,'cacique inacayal',1965,'','65',2,1,45,4,'transporte El 22','2804210098','Alumno',0,0,'','',0,'','2014-04-21 02:59:50','2014-04-21 02:59:50'),(575,'Rocío Liendro',5,39442468,3185,2,2,17,'Sarmiento ',1681,'','',5,1,NULL,12,'Patagonia Argentina SRL.','2976250339','Alumno',0,0,'','',0,'','2014-04-21 03:01:28','2014-04-21 03:01:28'),(576,'Jose Luis Santillan',5,21409329,3346,3,3,58,'cacique inacayal ',1965,'','65',2,1,35,3,'Transporte El 22','2804210098','Alumno',0,0,'','',0,'','2014-04-21 03:03:38','2014-04-21 03:03:38'),(577,'Rocio Belen Gutierrez',5,36392788,3281,2,1,58,'Pellegrini Norte y ruta 25',NULL,'','',2,1,30,NULL,'Empresa el 22','2804832537','Alumno',0,0,'','',0,'','2014-04-21 03:17:40','2014-04-21 03:17:40'),(578,'Paula Analia Baigorria Hernando',5,41957085,3216,2,3,17,'Grecia y Croacia ',NULL,'','',3,1,60,6,'colectivo','2974613715','Alumno',0,0,'','',0,'','2014-04-21 03:18:34','2014-04-21 03:18:34'),(579,'Betiana Ayelen Avaca ',5,37676900,2787,1,1,1,'',NULL,'','',NULL,0,NULL,NULL,'','','1',0,0,'','',0,'','2014-04-21 03:25:14','2014-04-21 03:25:14'),(580,'ALDANA BELÉN RASJIDO',5,39437849,3276,3,3,17,'AVDA. LÁNGARA Y C. COX - KM. 3',NULL,'','',1,1,50,5,'TRANSPORTE PATAGONIA ARGENTINA','0297-4481854','Alumno',0,0,'','',0,'','2014-04-21 03:35:46','2014-04-21 03:35:46'),(581,'Juan Salvador Pecile',5,33345222,2787,3,3,58,'Roque González y José Berreta',NULL,'','',4,1,NULL,NULL,'22 S.R.L.','','Alumno',0,0,'','',0,'','2014-04-21 03:41:48','2014-04-21 03:43:45'),(582,'Tomas RAMALLO ANDRES',5,42208537,3215,2,3,58,'Marconi',1420,'','',3,1,NULL,NULL,'Transporte \"El 22\"','154266226','Alumno',0,0,'','',0,'','2014-04-21 04:35:07','2014-04-21 04:35:07'),(583,'Lucas Nicolas Cayo',5,41567592,3216,2,3,17,'corti',471,'','',4,1,150,15,'patagonia argentina','0297154435361','Alumno',0,0,'','',0,'','2014-04-21 06:51:10','2014-04-21 06:51:10'),(584,'Francis Sebastian Cayo',5,47429260,2940,1,3,17,'corti',471,'','',2,1,16,1.6,'patagonia argentina','0297154435361','Alumno',0,0,'','',0,'','2014-04-21 06:57:35','2014-04-21 06:58:15'),(585,'Victor Ezequiel Cardenas ',5,38517655,3174,2,3,17,'Santos Discepolo ',400,'','',6,1,NULL,9,'Patagonia Argentina Srl','0297 4549702','Alumno',0,0,'','',0,'','2014-04-21 08:24:28','2014-04-21 08:24:28'),(586,'Maria Laura Faro',5,22942591,2919,1,3,17,'Dorrego y Alem ',NULL,'','',NULL,0,30,NULL,'Patagonia Argentina','0297154083766','Docente',1,1,'quinto y sexto','mañana',0,'','2014-04-21 09:41:57','2014-04-21 09:41:57'),(587,'Figueroa Karina Soledad',5,29545564,3493,1,3,31,'Carlos Gardel',198,'','',NULL,0,20,0,'Empresa Perazo','2945549442','Auxiliar de educación',0,0,'','',1,'DAR III','2014-04-21 10:34:27','2014-04-21 10:34:27'),(588,' CLAUDIA NOEMI QUILODRAN',5,26249021,3493,1,3,31,'LAS MARGARITAS ',3,'','',NULL,0,60,6,'EMPRESA PERAZO','02945-15646732','Auxiliar de educación',0,0,'','',1,'DAR III','2014-04-21 10:37:25','2014-04-21 10:37:25'),(589,'CHAVES VARGAS, BRENDA NAIR',5,41628513,3233,2,3,1,'BENITO PEREZ GALDOS Y PABLO NERUDA. B° RESTINGA ALI. KM 8',55,'-','-',3,1,60,10,'PATAGONIA ARGENTINA','0297-154710178','Alumno',0,0,'','',0,'','2014-04-21 10:39:45','2014-04-21 10:39:45'),(590,'DAMIAN ALEJANDRO QUILODRAN',5,39441399,3180,2,2,31,'LAS MARGARITAS ',3,'','',4,1,30,3,'EMPRESA PERAZO','02945-15646732','Alumno',0,0,'','',0,'','2014-04-21 10:40:09','2014-04-21 10:40:09'),(591,'DELIA GLADYS COLILAF',5,25724623,3493,1,2,31,'PASAJE NEUQUEN',168,'','',NULL,0,20,2,'EMPRESSA PERAZO','02945-15692498','Auxiliar de educación',0,0,'','',1,'DAR III','2014-04-21 10:42:23','2014-04-21 10:42:23'),(592,'ARRUA, LUCAS EZEQUIEL',5,94344606,2787,2,3,17,'BENITO PEREZ GALDOS Y PABLO NERUDA. B° RESTINGA ALI. KM8',55,'-','-',5,1,NULL,NULL,'PATAGONIA ARGENTINA','0297-154710178','Alumno',0,0,'','',0,'','2014-04-21 10:43:32','2014-04-21 10:43:32'),(593,'CHAVES, ENRIQUE RUBEN',5,23635819,3233,3,3,17,'BENITO PEREZ GALDOS Y PABLO NERUDA. B° RESTINGA ALI. KM 8',55,'-','-',NULL,0,60,10,'PATAGONIA ARGENTINA','0297-154710178','Docente',1,1,'1-2-3-','MAÑANA TARDE',0,'','2014-04-21 10:47:01','2014-04-21 10:49:44'),(594,'FACUNDO ALEXIS HUERA',5,43079031,3180,2,2,31,'LAS MARGARITAS',3,'','',1,1,30,3,'EMPRESA PERAZO','02945-15646732','Alumno',0,0,'','',0,'','2014-04-21 10:50:13','2014-04-21 10:50:13'),(595,'SANTANDER BRIAN NICOLAS',5,41861542,3168,2,2,31,'CARLOS GARDEL',198,'','',4,1,25,2.5,'EMPRESA PERAZO Y/O EMPRESA ACEVEDO','02945-15549442','Alumno',0,0,'','',0,'','2014-04-21 10:55:45','2014-04-21 10:55:45'),(596,'HILDA LINCAN',5,12189771,3493,1,2,31,'PASAJE MERMOUT',853,'','',NULL,0,40,4,'EMPRESA PERAZO Y/O EMPRESA ACEVEDO','02945-15699188','Auxiliar de educación',0,0,'','',1,'DAR III','2014-04-21 10:58:49','2014-04-21 10:58:49'),(597,'Andres Santiago Morinico',5,39940454,3243,2,2,49,'facundo Quiroga',146,'','',5,1,NULL,5,'tranasporte urbano- Empresa Bahia','280154019561','Alumno',0,0,'','',0,'','2014-04-21 11:02:23','2014-04-21 11:07:21'),(598,'Néstor David Brizueña',5,22054476,3203,2,3,48,'Marcos A. Zar',1798,'','',NULL,0,NULL,4,'Benitez Bellini. lineas 1 - 2 - 5','154396013','Docente',1,1,'1er-2do-3ero-4to-6to año','mañana-tarde-vespertino',0,'','2014-04-21 11:05:53','2014-04-21 11:05:53'),(599,'CLAUDIA MONICA ALEJANDRA TIOCRITO',5,14680914,3128,1,2,31,'BARRIO ROCA',305,'','',NULL,0,1300,130,'TRANSPORTE JACOBSEN','02945-15401916','Docente',1,0,'','',0,'','2014-04-21 11:07:18','2014-04-21 11:07:18'),(600,'Néstor David Brizueña',4,127555961,3274,3,3,48,'Marcos A. Zar',1798,'','',1,1,NULL,70,'Linea 28 de julio - mar y valle','154396013','Alumno',0,0,'','',0,'','2014-04-21 11:11:03','2014-04-21 11:11:03'),(601,'ROCIO AYELEN COSSIO',5,38711736,3168,2,2,31,'PASAJE MENDOZA',80,'','',4,1,40,4,'EMPRESA PERAZO Y/O EMPRESA ACEVEDO','02945-15590402','Alumno',0,0,'','',0,'','2014-04-21 11:12:18','2014-04-21 11:12:18'),(602,'NILDA BEATRIZ NECULQUEO',5,25082835,3493,1,2,31,'PASAJE MENDOZA',80,'','',NULL,0,40,4,'EMPRESA PERAZO Y/O EMPRESA ACEVEDO','02945-15654191','Auxiliar de educación',0,0,'','',1,'DAR III','2014-04-21 11:14:14','2014-04-21 11:14:14');
/*!40000 ALTER TABLE `relevamientos` ENABLE KEYS */;
UNLOCK TABLES;

--
-- Table structure for table `role_permissions`
--

DROP TABLE IF EXISTS `role_permissions`;
/*!40101 SET @saved_cs_client     = @@character_set_client */;
/*!40101 SET character_set_client = utf8 */;
CREATE TABLE `role_permissions` (
  `id` int(11) NOT NULL AUTO_INCREMENT,
  `role_id` int(11) DEFAULT NULL,
  `regulator` varchar(255) COLLATE utf8_unicode_ci DEFAULT NULL,
  `conduct` varchar(255) COLLATE utf8_unicode_ci DEFAULT NULL,
  `created_at` datetime NOT NULL,
  `updated_at` datetime NOT NULL,
  PRIMARY KEY (`id`)
) ENGINE=InnoDB DEFAULT CHARSET=utf8 COLLATE=utf8_unicode_ci;
/*!40101 SET character_set_client = @saved_cs_client */;

--
-- Dumping data for table `role_permissions`
--

LOCK TABLES `role_permissions` WRITE;
/*!40000 ALTER TABLE `role_permissions` DISABLE KEYS */;
/*!40000 ALTER TABLE `role_permissions` ENABLE KEYS */;
UNLOCK TABLES;

--
-- Table structure for table `role_roles`
--

DROP TABLE IF EXISTS `role_roles`;
/*!40101 SET @saved_cs_client     = @@character_set_client */;
/*!40101 SET character_set_client = utf8 */;
CREATE TABLE `role_roles` (
  `id` int(11) NOT NULL AUTO_INCREMENT,
  `role_id` int(11) DEFAULT NULL,
  `parent_id` int(11) DEFAULT NULL,
  `created_at` datetime NOT NULL,
  `updated_at` datetime NOT NULL,
  PRIMARY KEY (`id`)
) ENGINE=InnoDB DEFAULT CHARSET=utf8 COLLATE=utf8_unicode_ci;
/*!40101 SET character_set_client = @saved_cs_client */;

--
-- Dumping data for table `role_roles`
--

LOCK TABLES `role_roles` WRITE;
/*!40000 ALTER TABLE `role_roles` DISABLE KEYS */;
/*!40000 ALTER TABLE `role_roles` ENABLE KEYS */;
UNLOCK TABLES;

--
-- Table structure for table `roles`
--

DROP TABLE IF EXISTS `roles`;
/*!40101 SET @saved_cs_client     = @@character_set_client */;
/*!40101 SET character_set_client = utf8 */;
CREATE TABLE `roles` (
  `id` int(11) NOT NULL AUTO_INCREMENT,
  `description` varchar(255) COLLATE utf8_unicode_ci DEFAULT NULL,
  `created_at` datetime NOT NULL,
  `updated_at` datetime NOT NULL,
  PRIMARY KEY (`id`)
) ENGINE=InnoDB DEFAULT CHARSET=utf8 COLLATE=utf8_unicode_ci;
/*!40101 SET character_set_client = @saved_cs_client */;

--
-- Dumping data for table `roles`
--

LOCK TABLES `roles` WRITE;
/*!40000 ALTER TABLE `roles` DISABLE KEYS */;
/*!40000 ALTER TABLE `roles` ENABLE KEYS */;
UNLOCK TABLES;

--
-- Table structure for table `schema_migrations`
--

DROP TABLE IF EXISTS `schema_migrations`;
/*!40101 SET @saved_cs_client     = @@character_set_client */;
/*!40101 SET character_set_client = utf8 */;
CREATE TABLE `schema_migrations` (
  `version` varchar(255) COLLATE utf8_unicode_ci NOT NULL,
  UNIQUE KEY `unique_schema_migrations` (`version`)
) ENGINE=InnoDB DEFAULT CHARSET=utf8 COLLATE=utf8_unicode_ci;
/*!40101 SET character_set_client = @saved_cs_client */;

--
-- Dumping data for table `schema_migrations`
--

LOCK TABLES `schema_migrations` WRITE;
/*!40000 ALTER TABLE `schema_migrations` DISABLE KEYS */;
INSERT INTO `schema_migrations` VALUES ('20120201182115'),('20120224180650'),('20120224181028'),('20120302182538'),('20120410182942'),('20140414120857'),('20140414120913'),('20140414120938'),('20140414121017'),('20140414121028'),('20140414121120'),('20140414121312'),('20140414122447');
/*!40000 ALTER TABLE `schema_migrations` ENABLE KEYS */;
UNLOCK TABLES;

--
-- Table structure for table `tipo_de_documentos`
--

DROP TABLE IF EXISTS `tipo_de_documentos`;
/*!40101 SET @saved_cs_client     = @@character_set_client */;
/*!40101 SET character_set_client = utf8 */;
CREATE TABLE `tipo_de_documentos` (
  `id` int(11) NOT NULL AUTO_INCREMENT,
  `nombre` varchar(255) COLLATE utf8_unicode_ci DEFAULT NULL,
  `created_at` datetime NOT NULL,
  `updated_at` datetime NOT NULL,
  PRIMARY KEY (`id`)
) ENGINE=InnoDB AUTO_INCREMENT=6 DEFAULT CHARSET=utf8 COLLATE=utf8_unicode_ci;
/*!40101 SET character_set_client = @saved_cs_client */;

--
-- Dumping data for table `tipo_de_documentos`
--

LOCK TABLES `tipo_de_documentos` WRITE;
/*!40000 ALTER TABLE `tipo_de_documentos` DISABLE KEYS */;
INSERT INTO `tipo_de_documentos` VALUES (1,'L.C','2014-04-14 16:38:42','2014-04-14 16:38:42'),(2,'L.E','2014-04-14 16:38:50','2014-04-14 16:38:50'),(3,'Pasaporte','2014-04-14 16:38:58','2014-04-14 16:38:58'),(4,'C.I','2014-04-14 16:39:08','2014-04-14 16:39:08'),(5,'DNI','2014-04-14 16:39:16','2014-04-14 16:39:16');
/*!40000 ALTER TABLE `tipo_de_documentos` ENABLE KEYS */;
UNLOCK TABLES;

--
-- Table structure for table `tipo_gestiones`
--

DROP TABLE IF EXISTS `tipo_gestiones`;
/*!40101 SET @saved_cs_client     = @@character_set_client */;
/*!40101 SET character_set_client = utf8 */;
CREATE TABLE `tipo_gestiones` (
  `id` int(11) NOT NULL AUTO_INCREMENT,
  `nombre` varchar(255) COLLATE utf8_unicode_ci DEFAULT NULL,
  `created_at` datetime NOT NULL,
  `updated_at` datetime NOT NULL,
  PRIMARY KEY (`id`)
) ENGINE=InnoDB AUTO_INCREMENT=4 DEFAULT CHARSET=utf8 COLLATE=utf8_unicode_ci;
/*!40101 SET character_set_client = @saved_cs_client */;

--
-- Dumping data for table `tipo_gestiones`
--

LOCK TABLES `tipo_gestiones` WRITE;
/*!40000 ALTER TABLE `tipo_gestiones` DISABLE KEYS */;
INSERT INTO `tipo_gestiones` VALUES (1,'Privada','2014-04-14 17:05:23','2014-04-14 17:05:23'),(2,'Municipal','2014-04-14 17:13:29','2014-04-14 17:13:29'),(3,'Provincial','2014-04-14 17:13:46','2014-04-14 17:13:46');
/*!40000 ALTER TABLE `tipo_gestiones` ENABLE KEYS */;
UNLOCK TABLES;

--
-- Table structure for table `user_roles`
--

DROP TABLE IF EXISTS `user_roles`;
/*!40101 SET @saved_cs_client     = @@character_set_client */;
/*!40101 SET character_set_client = utf8 */;
CREATE TABLE `user_roles` (
  `id` int(11) NOT NULL AUTO_INCREMENT,
  `user_id` int(11) DEFAULT NULL,
  `role_id` int(11) DEFAULT NULL,
  `created_at` datetime NOT NULL,
  `updated_at` datetime NOT NULL,
  PRIMARY KEY (`id`)
) ENGINE=InnoDB DEFAULT CHARSET=utf8 COLLATE=utf8_unicode_ci;
/*!40101 SET character_set_client = @saved_cs_client */;

--
-- Dumping data for table `user_roles`
--

LOCK TABLES `user_roles` WRITE;
/*!40000 ALTER TABLE `user_roles` DISABLE KEYS */;
/*!40000 ALTER TABLE `user_roles` ENABLE KEYS */;
UNLOCK TABLES;

--
-- Table structure for table `users`
--

DROP TABLE IF EXISTS `users`;
/*!40101 SET @saved_cs_client     = @@character_set_client */;
/*!40101 SET character_set_client = utf8 */;
CREATE TABLE `users` (
  `id` int(11) NOT NULL AUTO_INCREMENT,
  `email` varchar(255) COLLATE utf8_unicode_ci NOT NULL DEFAULT '',
  `encrypted_password` varchar(255) COLLATE utf8_unicode_ci NOT NULL DEFAULT '',
  `reset_password_token` varchar(255) COLLATE utf8_unicode_ci DEFAULT NULL,
  `reset_password_sent_at` datetime DEFAULT NULL,
  `remember_created_at` datetime DEFAULT NULL,
  `sign_in_count` int(11) DEFAULT '0',
  `current_sign_in_at` datetime DEFAULT NULL,
  `last_sign_in_at` datetime DEFAULT NULL,
  `current_sign_in_ip` varchar(255) COLLATE utf8_unicode_ci DEFAULT NULL,
  `last_sign_in_ip` varchar(255) COLLATE utf8_unicode_ci DEFAULT NULL,
  `created_at` datetime NOT NULL,
  `updated_at` datetime NOT NULL,
  PRIMARY KEY (`id`),
  UNIQUE KEY `index_users_on_email` (`email`),
  UNIQUE KEY `index_users_on_reset_password_token` (`reset_password_token`)
) ENGINE=InnoDB DEFAULT CHARSET=utf8 COLLATE=utf8_unicode_ci;
/*!40101 SET character_set_client = @saved_cs_client */;

--
-- Dumping data for table `users`
--

LOCK TABLES `users` WRITE;
/*!40000 ALTER TABLE `users` DISABLE KEYS */;
/*!40000 ALTER TABLE `users` ENABLE KEYS */;
UNLOCK TABLES;
/*!40103 SET TIME_ZONE=@OLD_TIME_ZONE */;

/*!40101 SET SQL_MODE=@OLD_SQL_MODE */;
/*!40014 SET FOREIGN_KEY_CHECKS=@OLD_FOREIGN_KEY_CHECKS */;
/*!40014 SET UNIQUE_CHECKS=@OLD_UNIQUE_CHECKS */;
/*!40101 SET CHARACTER_SET_CLIENT=@OLD_CHARACTER_SET_CLIENT */;
/*!40101 SET CHARACTER_SET_RESULTS=@OLD_CHARACTER_SET_RESULTS */;
/*!40101 SET COLLATION_CONNECTION=@OLD_COLLATION_CONNECTION */;
/*!40111 SET SQL_NOTES=@OLD_SQL_NOTES */;

-- Dump completed on 2014-04-21  8:16:08
